doc_id,ela_score,dct_score,metadata_flag_count,clone_ratio,text_alignment_score,font_inconsistency,signature_mismatch,noise_hotspots,color_patch_score,ai_artifact_score,compression_mismatch,label
DOC_0001,47.45,33.06,3,0.0056,11.66,9.95,24.11,36.55,24.51,6.29,28.01,0
DOC_0002,19.94,0.87,2,0.0025,9.89,2.48,0.0,15.68,0.0,2.28,19.11,0
DOC_0003,8.79,23.76,0,0.018,6.25,0.89,8.71,23.23,0.67,6.04,0.0,0
DOC_0004,7.37,21.97,3,0.0075,9.03,0.95,-1.0,10.39,14.34,6.72,0.37,0
DOC_0005,44.86,29.61,1,0.0246,20.12,12.07,22.88,29.89,14.29,12.65,49.63,0
DOC_0006,32.81,32.4,2,0.002,27.56,0.74,13.24,51.51,36.46,9.71,58.47,0
DOC_0007,10.84,79.86,0,0.0006,7.61,14.32,-1.0,55.69,7.85,2.96,72.98,0
DOC_0008,25.32,23.29,2,0.0012,13.81,4.45,-1.0,11.08,0.0,6.48,20.61,0
DOC_0009,62.08,50.78,0,0.003,5.58,11.72,0.0,73.86,19.26,0.0,57.6,0
DOC_0010,18.48,44.63,0,0.002,9.81,7.7,-1.0,26.43,12.51,8.96,8.91,0
DOC_0011,29.22,5.98,2,0.0055,4.6,14.53,-1.0,0.0,8.41,0.0,22.74,0
DOC_0012,48.21,82.9,2,0.002,9.42,7.15,23.56,73.41,33.07,0.0,60.77,0
DOC_0013,20.08,27.82,1,0.0023,9.78,9.09,-1.0,17.93,3.71,14.33,22.74,0
DOC_0014,8.47,26.57,2,0.0013,3.08,8.12,17.52,12.55,3.48,0.55,9.84,0
DOC_0015,38.84,39.78,4,0.0058,28.54,0.0,13.65,25.72,23.79,8.21,45.71,0
DOC_0016,69.1,53.69,2,0.0236,0.0,2.59,12.87,72.6,23.85,2.7,60.31,0
DOC_0017,18.47,8.57,3,0.0064,14.32,10.53,5.17,20.15,31.12,7.85,29.36,0
DOC_0018,76.31,66.73,2,0.0055,10.11,9.68,12.65,80.29,3.87,5.17,74.33,0
DOC_0019,59.16,57.07,1,0.0016,11.73,24.72,26.75,6.65,13.49,3.69,86.52,0
DOC_0020,11.66,18.85,0,0.0161,13.19,4.33,-1.0,32.65,10.43,0.0,27.18,0
DOC_0021,96.2,82.39,1,0.0012,4.34,6.34,-1.0,0.0,3.8,5.74,65.52,0
DOC_0022,64.49,14.98,3,0.0002,0.0,10.83,-1.0,48.58,10.8,10.56,29.22,0
DOC_0023,18.91,26.62,1,0.0041,0.0,8.2,9.13,17.81,4.26,3.96,13.07,0
DOC_0024,13.29,28.5,1,0.0058,9.84,2.85,-1.0,22.47,11.66,4.9,19.17,0
DOC_0025,54.16,21.13,1,0.0291,49.78,18.88,22.62,49.58,20.25,12.09,24.28,0
DOC_0026,20.59,18.7,3,0.0059,20.55,12.02,0.43,21.24,11.77,4.94,9.03,0
DOC_0027,18.61,13.23,2,0.0143,6.07,9.07,-1.0,17.45,4.96,2.64,20.32,0
DOC_0028,6.42,5.93,2,0.0182,6.72,0.0,22.56,14.81,1.98,4.91,15.11,0
DOC_0029,63.81,60.07,1,0.0048,13.21,5.6,15.66,38.14,12.1,7.49,70.27,0
DOC_0030,40.37,41.97,3,0.0045,6.33,7.22,23.76,29.89,10.81,0.0,27.11,0
DOC_0031,44.34,71.8,2,0.0183,25.01,12.0,-1.0,16.52,26.65,12.9,73.31,0
DOC_0032,14.3,53.95,4,0.0105,26.38,7.24,13.45,45.09,18.56,6.4,44.34,0
DOC_0033,45.99,52.44,2,0.0086,3.0,3.38,14.96,93.27,21.16,15.08,59.01,0
DOC_0034,65.91,56.33,3,0.0052,54.64,18.5,-1.0,45.88,0.0,0.9,3.53,0
DOC_0035,57.96,67.92,1,0.0114,0.96,9.88,-1.0,75.76,19.67,0.0,56.66,0
DOC_0036,42.43,67.05,0,0.0014,4.48,15.98,15.09,55.21,25.04,4.82,46.11,0
DOC_0037,56.07,57.58,0,0.0016,10.28,11.6,-1.0,33.43,10.23,10.07,85.58,0
DOC_0038,32.04,26.94,2,0.0055,27.67,13.96,4.12,100.0,31.43,8.98,20.67,0
DOC_0039,29.08,72.44,0,0.003,1.35,9.53,19.28,34.89,23.84,7.39,69.39,0
DOC_0040,84.85,64.7,0,0.0019,0.94,0.0,27.41,49.02,25.63,4.1,50.69,0
DOC_0041,31.11,22.9,2,0.0123,5.69,10.73,13.15,34.62,27.06,14.01,20.34,0
DOC_0042,18.79,27.51,2,0.0023,11.42,7.4,-1.0,17.6,2.57,8.19,1.38,0
DOC_0043,17.47,7.89,2,0.0004,5.69,2.99,16.08,20.3,16.65,0.0,10.03,0
DOC_0044,22.62,17.97,2,0.0168,4.38,8.44,22.64,18.38,5.53,2.56,13.67,0
DOC_0045,21.16,15.79,2,0.0037,6.04,4.75,20.41,0.0,5.89,5.09,34.76,0
DOC_0046,20.62,17.81,1,0.0044,12.63,6.83,-1.0,18.38,5.51,8.16,40.71,0
DOC_0047,19.45,22.48,1,0.0019,2.86,13.55,13.22,25.38,4.94,3.65,8.21,0
DOC_0048,14.45,23.77,1,0.0063,16.13,0.0,-1.0,0.0,16.98,8.27,17.44,0
DOC_0049,44.2,19.24,3,0.0054,21.26,9.52,-1.0,78.88,34.15,22.75,27.33,0
DOC_0050,47.16,52.74,2,0.0185,20.75,5.3,-1.0,54.82,3.45,12.94,59.1,0
DOC_0051,42.65,31.69,1,0.007,0.0,9.95,-1.0,66.54,26.96,19.09,74.9,0
DOC_0052,15.85,8.93,0,0.019,8.36,2.09,15.39,9.26,4.72,4.84,12.57,0
DOC_0053,12.3,21.06,2,0.0063,14.55,0.11,-1.0,0.92,3.33,0.0,35.52,0
DOC_0054,49.04,49.07,0,0.0025,9.68,26.48,-1.0,11.67,28.56,6.56,23.5,0
DOC_0055,50.66,41.22,4,0.0039,20.16,0.0,31.65,35.59,30.59,4.37,13.87,0
DOC_0056,16.65,43.48,3,0.0051,30.96,14.8,13.69,38.45,17.32,12.46,9.35,0
DOC_0057,7.21,27.43,1,0.0102,10.09,0.0,14.41,25.29,10.84,6.28,27.83,0
DOC_0058,64.98,49.2,2,0.0196,1.2,5.56,15.99,33.99,1.12,2.61,14.72,0
DOC_0059,10.19,30.54,2,0.0035,9.11,9.04,-1.0,40.6,7.42,10.75,10.97,0
DOC_0060,61.48,86.87,1,0.0053,7.5,1.3,27.29,59.09,17.52,7.55,67.31,0
DOC_0061,37.67,9.97,3,0.013,49.45,18.19,-1.0,36.44,22.49,9.63,12.68,0
DOC_0062,23.78,49.74,4,0.0185,20.82,4.74,22.87,46.73,12.45,6.52,30.36,0
DOC_0063,65.33,46.38,0,0.0142,8.48,4.8,28.44,74.01,28.9,8.49,73.98,0
DOC_0064,32.24,54.73,3,0.0063,28.53,1.89,-1.0,20.8,6.98,1.97,23.48,0
DOC_0065,57.38,72.81,0,0.0049,8.29,24.17,-1.0,37.33,15.94,8.45,100.0,0
DOC_0066,30.43,27.57,2,0.0014,25.89,5.39,2.26,30.02,23.66,5.58,44.49,0
DOC_0067,19.62,4.84,2,0.0058,5.67,8.72,18.67,13.23,3.21,0.0,10.69,0
DOC_0068,17.73,37.95,0,0.0017,9.34,0.0,3.04,10.11,14.26,8.41,36.47,0
DOC_0069,22.67,16.41,2,0.0054,11.04,11.04,22.25,13.33,8.88,11.03,9.83,0
DOC_0070,20.95,16.07,2,0.004,8.28,9.77,0.0,11.92,9.31,6.25,33.77,0
DOC_0071,17.24,22.79,2,0.016,9.16,4.19,11.4,26.95,0.0,2.21,21.77,0
DOC_0072,58.48,29.01,2,0.0102,0.0,34.73,-1.0,33.66,13.23,0.32,38.47,0
DOC_0073,69.7,68.81,1,0.0078,4.46,14.29,-1.0,17.48,23.55,6.59,89.17,0
DOC_0074,20.74,24.57,2,0.0094,15.97,12.25,13.93,8.24,18.81,4.8,3.69,0
DOC_0075,41.92,25.47,2,0.0099,0.0,6.79,7.12,16.49,27.12,16.29,41.38,0
DOC_0076,47.5,54.14,0,0.0393,2.73,14.2,-1.0,73.13,0.0,6.52,47.77,0
DOC_0077,19.98,25.78,2,0.0153,40.31,29.13,12.01,30.89,12.24,12.19,32.72,0
DOC_0078,75.43,66.43,0,0.0132,13.58,13.21,39.83,60.23,15.16,6.08,64.36,0
DOC_0079,22.18,14.26,2,0.003,10.62,0.36,14.51,12.43,0.0,7.0,24.47,0
DOC_0080,14.13,35.74,1,0.0026,14.28,5.47,24.25,13.27,13.3,8.26,2.24,0
DOC_0081,84.15,79.84,1,0.0014,14.09,12.59,15.09,78.15,16.29,12.63,15.27,0
DOC_0082,27.19,2.6,1,0.0039,14.96,0.0,-1.0,15.77,0.3,9.98,13.06,0
DOC_0083,38.65,47.29,1,0.014,9.21,16.78,30.23,75.73,24.3,14.18,61.58,0
DOC_0084,53.34,67.64,0,0.0003,10.42,7.08,3.72,36.1,0.0,11.58,81.46,0
DOC_0085,76.97,2.87,0,0.0092,3.68,12.21,-1.0,67.14,22.17,13.22,65.44,0
DOC_0086,19.2,23.65,2,0.0054,14.3,6.99,13.59,21.39,1.14,13.17,6.54,0
DOC_0087,39.54,18.69,3,0.0006,35.92,30.11,34.35,26.34,31.57,15.14,13.27,0
DOC_0088,70.96,67.62,1,0.0065,13.0,0.0,1.56,55.13,0.0,4.17,38.15,0
DOC_0089,31.14,30.1,2,0.0031,6.05,3.73,-1.0,1.1,0.0,10.11,42.4,0
DOC_0090,29.07,25.64,2,0.0064,9.69,5.06,-1.0,0.0,7.41,0.06,6.96,0
DOC_0091,19.44,33.92,1,0.0067,13.64,5.33,8.73,16.05,0.0,1.99,21.2,0
DOC_0092,16.11,41.17,4,0.0037,27.64,11.3,15.39,45.88,18.49,4.38,25.06,0
DOC_0093,18.96,59.49,4,0.0163,7.07,13.62,8.4,32.88,21.35,3.32,67.18,0
DOC_0094,44.19,60.58,1,0.021,10.96,19.8,34.23,61.64,6.3,7.47,96.7,0
DOC_0095,11.57,36.39,2,0.0066,17.77,0.5,4.31,15.34,3.38,6.17,2.44,0
DOC_0096,66.96,70.0,1,0.0033,2.32,15.56,37.47,59.42,19.44,11.35,59.14,0
DOC_0097,43.08,16.19,1,0.0092,13.73,44.71,7.85,13.62,16.2,15.28,29.7,0
DOC_0098,96.79,62.08,0,0.0143,10.78,1.44,-1.0,42.46,25.08,1.38,25.71,0
DOC_0099,40.83,67.39,3,0.0079,28.22,33.53,-1.0,27.38,10.93,11.22,17.22,0
DOC_0100,58.51,69.89,1,0.009,16.54,3.45,16.24,20.09,9.56,3.95,76.13,0
DOC_0101,18.45,25.3,3,0.0033,0.0,7.42,-1.0,30.31,15.31,3.93,32.91,0
DOC_0102,42.23,30.28,4,0.0019,10.98,8.11,6.71,52.86,32.29,17.6,12.73,0
DOC_0103,1.69,48.08,1,0.0159,11.75,16.45,10.83,34.62,0.0,5.63,40.88,0
DOC_0104,39.82,58.3,0,0.0031,16.63,0.0,38.61,69.59,10.67,5.34,44.73,0
DOC_0105,16.62,37.12,1,0.0023,6.74,11.71,1.03,21.78,5.07,15.79,11.94,0
DOC_0106,51.13,39.19,3,0.0055,6.47,8.62,31.22,38.42,20.22,0.0,20.43,0
DOC_0107,27.6,13.43,2,0.001,12.31,9.04,20.49,11.77,6.5,11.64,23.56,0
DOC_0108,68.84,93.97,0,0.0373,19.42,21.64,35.99,78.07,30.73,5.81,45.41,0
DOC_0109,46.33,19.61,0,0.0107,9.79,0.0,27.13,67.49,22.83,6.51,82.11,0
DOC_0110,42.36,41.02,2,0.0117,6.66,23.58,19.14,22.07,27.04,15.43,28.26,0
DOC_0111,63.56,90.43,1,0.0034,0.0,10.3,19.2,33.06,2.21,5.95,69.49,0
DOC_0112,13.36,25.89,2,0.0097,10.67,7.39,-1.0,7.15,11.89,4.4,22.2,0
DOC_0113,48.69,47.13,0,0.0149,8.8,0.0,-1.0,47.12,32.63,4.69,96.37,0
DOC_0114,13.49,21.85,2,0.0033,15.25,2.88,16.62,6.82,7.98,4.15,13.47,0
DOC_0115,45.45,44.33,2,0.0115,26.51,12.35,-1.0,52.7,27.57,1.85,50.25,0
DOC_0116,79.98,76.99,0,0.0032,18.71,0.0,-1.0,36.97,0.0,8.62,76.52,0
DOC_0117,14.27,4.05,3,0.0095,4.8,0.44,-1.0,14.72,18.63,13.31,13.43,0
DOC_0118,30.97,41.56,3,0.0007,26.27,1.17,-1.0,40.92,22.41,17.31,22.95,0
DOC_0119,62.39,31.2,1,0.007,22.84,9.73,14.87,16.87,11.65,16.35,16.19,0
DOC_0120,20.35,6.43,2,0.0255,14.99,3.87,-1.0,17.01,14.89,0.0,18.62,0
DOC_0121,46.43,44.7,1,0.0085,14.86,0.0,13.42,52.86,28.85,0.0,19.85,0
DOC_0122,71.29,92.03,0,0.0082,23.0,4.97,-1.0,62.76,10.47,8.74,82.37,0
DOC_0123,44.85,31.47,4,0.012,0.0,7.57,6.64,41.75,56.32,12.39,23.72,0
DOC_0124,55.6,75.67,1,0.0311,0.49,12.9,31.68,63.29,32.81,8.41,70.79,0
DOC_0125,21.88,11.54,2,0.0024,5.58,7.49,-1.0,35.63,1.59,5.12,32.12,0
DOC_0126,17.36,24.52,3,0.0079,10.57,0.05,-1.0,26.87,23.54,7.9,21.26,0
DOC_0127,19.56,16.47,1,0.0107,15.91,4.48,0.0,0.0,4.35,11.48,17.77,0
DOC_0128,20.01,22.43,2,0.0203,23.4,15.06,0.0,48.26,38.26,13.99,22.82,0
DOC_0129,65.27,69.71,1,0.001,19.5,5.19,16.19,47.2,1.23,7.63,97.39,0
DOC_0130,39.99,61.87,0,0.0018,11.44,13.07,17.34,40.74,10.07,10.36,97.0,0
DOC_0131,16.94,10.25,2,0.0173,13.08,5.06,-1.0,18.32,9.14,8.55,13.65,0
DOC_0132,22.1,17.4,2,0.0112,14.52,9.3,-1.0,18.67,19.03,3.88,14.51,0
DOC_0133,57.65,66.36,0,0.0063,1.46,11.0,19.19,33.54,10.65,7.35,89.62,0
DOC_0134,21.09,33.58,0,0.0205,39.02,34.8,-1.0,20.19,0.0,11.07,44.48,0
DOC_0135,16.9,29.53,2,0.0043,12.45,1.17,10.24,36.71,6.94,5.62,23.51,0
DOC_0136,62.65,85.51,1,0.001,1.44,8.24,-1.0,47.43,27.6,8.49,36.14,0
DOC_0137,15.53,12.48,2,0.0073,8.69,2.1,8.45,11.81,3.22,10.38,18.21,0
DOC_0138,68.52,34.15,4,0.001,0.0,13.82,12.19,16.54,28.74,6.14,37.2,0
DOC_0139,64.18,47.56,1,0.0048,6.81,18.65,-1.0,40.95,10.2,11.35,41.63,0
DOC_0140,9.28,34.11,2,0.0001,9.4,7.91,-1.0,3.56,8.65,4.83,15.92,0
DOC_0141,60.07,21.13,1,0.0005,3.78,16.84,30.87,60.31,37.75,0.84,71.79,0
DOC_0142,77.01,42.93,0,0.0156,14.08,0.0,11.07,89.57,3.38,14.2,74.9,0
DOC_0143,9.27,15.89,2,0.001,12.68,6.25,8.71,9.38,6.74,0.0,9.94,0
DOC_0144,75.37,89.39,0,0.0014,12.24,7.68,-1.0,42.65,12.05,4.82,76.9,0
DOC_0145,60.67,48.34,0,0.0003,24.79,9.25,20.29,87.6,23.7,7.36,64.72,0
DOC_0146,5.43,8.73,2,0.0007,21.39,4.9,-1.0,7.12,4.27,4.16,13.28,0
DOC_0147,32.31,68.46,1,0.0011,4.64,12.33,26.99,51.56,24.97,5.21,56.41,0
DOC_0148,79.67,13.96,2,0.0165,18.68,5.47,16.8,56.19,13.56,13.02,34.56,0
DOC_0149,27.01,19.49,2,0.0034,4.08,7.2,0.0,25.56,9.34,4.73,20.86,0
DOC_0150,22.17,26.45,2,0.0175,7.09,11.83,8.36,20.94,0.0,8.28,19.95,0
DOC_0151,34.72,24.17,2,0.0175,37.33,42.18,-1.0,44.3,26.16,12.35,34.19,0
DOC_0152,30.38,41.05,3,0.0065,21.08,2.63,16.12,42.06,9.06,4.6,32.83,0
DOC_0153,50.11,49.46,1,0.0428,13.71,21.64,18.03,45.89,12.37,3.39,43.9,0
DOC_0154,74.44,51.51,0,0.0061,2.09,0.0,30.03,24.71,21.84,18.8,76.58,0
DOC_0155,19.68,15.08,1,0.0066,11.03,0.22,10.52,14.74,0.0,1.53,13.91,0
DOC_0156,13.81,21.52,2,0.0023,7.94,10.78,-1.0,23.25,2.8,1.71,14.96,0
DOC_0157,7.23,11.81,2,0.0021,9.16,4.87,16.05,17.65,4.5,0.0,16.66,0
DOC_0158,83.34,71.67,0,0.0016,21.89,1.56,-1.0,79.24,32.04,7.16,51.25,0
DOC_0159,18.0,26.01,2,0.0041,0.68,12.18,7.44,21.22,1.17,10.2,17.24,0
DOC_0160,23.36,9.28,2,0.0019,2.59,11.38,0.0,5.99,11.83,3.36,24.03,0
DOC_0161,13.65,18.37,1,0.0037,4.92,0.0,-1.0,12.71,2.03,0.0,16.09,0
DOC_0162,76.19,45.98,0,0.0037,19.47,15.38,6.77,52.89,18.24,15.38,43.88,0
DOC_0163,15.17,14.26,0,0.002,17.29,10.94,0.0,16.73,9.46,3.88,32.9,0
DOC_0164,10.99,17.57,0,0.0032,0.42,14.57,19.59,30.31,22.77,0.44,20.6,0
DOC_0165,51.25,66.19,1,0.0102,11.97,0.0,24.62,23.65,1.94,5.83,82.66,0
DOC_0166,25.9,19.24,2,0.0005,20.54,6.19,-1.0,35.24,8.04,4.05,14.43,0
DOC_0167,16.56,33.73,2,0.0045,6.4,8.24,-1.0,0.0,10.77,15.12,4.37,0
DOC_0168,42.85,25.73,4,0.0012,14.19,7.41,1.57,57.96,2.48,2.35,42.09,0
DOC_0169,29.87,23.56,2,0.0001,11.63,8.35,-1.0,10.63,7.6,15.5,15.53,0
DOC_0170,15.13,13.52,1,0.0157,15.93,7.24,11.2,0.0,14.05,1.58,25.91,0
DOC_0171,5.45,43.39,2,0.0033,12.83,28.21,-1.0,31.59,27.01,19.86,9.23,0
DOC_0172,86.26,56.88,0,0.005,19.37,7.11,-1.0,51.21,23.64,13.32,51.69,0
DOC_0173,22.94,58.58,1,0.0143,3.43,2.38,22.23,43.32,23.2,4.97,56.78,0
DOC_0174,45.22,28.18,0,0.0037,14.34,2.88,-1.0,57.23,4.21,15.33,41.94,0
DOC_0175,26.94,61.87,0,0.0073,13.7,18.22,0.0,36.19,5.53,2.85,83.23,0
DOC_0176,21.35,34.02,3,0.0002,0.0,10.85,-1.0,34.96,26.66,8.03,16.17,0
DOC_0177,22.28,28.88,2,0.0035,10.99,3.89,15.41,9.42,1.4,7.2,25.79,0
DOC_0178,68.87,85.14,2,0.0097,8.9,4.3,-1.0,47.23,16.43,13.34,66.63,0
DOC_0179,69.51,55.9,0,0.0065,15.37,11.95,-1.0,62.82,11.37,12.16,52.12,0
DOC_0180,77.9,66.11,0,0.0081,14.09,10.56,-1.0,54.56,6.47,0.0,74.69,0
DOC_0181,30.56,56.47,1,0.0097,0.0,4.97,-1.0,47.88,24.02,18.94,56.73,0
DOC_0182,34.6,16.44,3,0.0008,4.43,0.0,14.77,40.85,6.91,17.12,50.53,0
DOC_0183,7.31,16.06,1,0.0038,3.91,39.23,7.14,19.17,22.12,4.72,24.74,0
DOC_0184,31.39,33.4,2,0.0016,1.11,0.0,-1.0,25.18,9.63,7.76,21.41,0
DOC_0185,67.86,31.12,1,0.0128,11.65,7.38,1.76,86.87,16.66,11.39,42.71,0
DOC_0186,17.81,18.26,0,0.0081,12.96,14.39,-1.0,32.5,16.29,0.0,24.9,0
DOC_0187,48.95,73.16,0,0.0126,4.48,19.94,9.59,26.88,13.92,9.5,82.72,0
DOC_0188,18.61,27.43,1,0.0048,13.32,5.07,5.04,25.73,22.18,1.07,4.19,0
DOC_0189,20.43,27.22,2,0.0047,12.16,0.0,0.0,9.5,13.16,3.06,17.55,0
DOC_0190,62.38,20.45,0,0.0083,23.55,4.41,-1.0,81.86,23.4,11.42,72.52,0
DOC_0191,57.03,43.98,0,0.0017,21.96,18.39,13.33,78.23,17.45,7.25,62.92,0
DOC_0192,18.69,0.0,3,0.0122,2.89,0.0,10.11,24.22,10.9,7.1,24.07,0
DOC_0193,34.45,8.69,1,0.0059,2.49,6.56,-1.0,7.9,0.45,3.91,14.92,0
DOC_0194,71.4,36.49,1,0.0011,19.83,26.69,24.45,6.21,0.0,19.23,32.68,0
DOC_0195,48.98,64.62,1,0.0054,19.39,12.01,-1.0,56.57,15.92,2.03,67.77,0
DOC_0196,73.45,67.18,0,0.0041,9.6,7.68,5.88,55.5,19.97,8.4,95.59,0
DOC_0197,67.58,62.0,1,0.0057,6.99,12.67,15.02,58.0,19.36,15.42,51.14,0
DOC_0198,17.66,20.58,0,0.0101,0.0,6.96,-1.0,27.0,5.05,0.0,24.2,0
DOC_0199,25.47,12.16,1,0.001,0.0,44.34,-1.0,39.77,6.35,6.79,27.92,0
DOC_0200,68.78,78.02,1,0.0003,21.65,13.26,16.99,40.74,5.11,14.02,84.98,0
DOC_0201,28.35,22.81,3,0.0148,35.6,36.76,23.11,14.51,24.78,18.86,25.38,0
DOC_0202,22.29,20.22,1,0.0037,4.7,4.41,-1.0,16.38,38.23,11.06,40.37,0
DOC_0203,46.16,80.25,1,0.0016,14.43,2.28,7.12,41.48,1.06,11.24,65.67,0
DOC_0204,22.42,26.26,2,0.0012,4.77,3.7,-1.0,18.5,0.0,5.48,15.37,0
DOC_0205,72.19,49.56,2,0.004,14.53,4.34,-1.0,81.35,26.12,1.9,54.34,0
DOC_0206,17.69,18.66,2,0.004,0.13,12.67,-1.0,18.87,14.55,15.06,28.24,0
DOC_0207,65.74,73.81,1,0.0447,24.51,0.0,12.47,75.51,0.0,11.75,71.28,0
DOC_0208,13.26,21.24,2,0.0081,16.89,6.01,0.0,25.11,16.05,1.29,13.15,0
DOC_0209,80.46,85.33,0,0.0085,7.75,14.18,31.31,76.22,24.63,8.26,66.37,0
DOC_0210,0.0,25.55,0,0.009,26.32,0.0,-1.0,28.89,14.58,9.17,18.9,0
DOC_0211,8.96,26.23,3,0.0108,3.17,7.44,10.6,9.84,6.82,3.97,10.53,0
DOC_0212,37.35,13.32,2,0.0007,11.59,0.0,9.37,23.34,5.5,6.1,29.72,0
DOC_0213,50.45,31.67,1,0.0006,7.54,17.05,-1.0,69.53,11.52,11.44,31.21,0
DOC_0214,56.61,60.42,1,0.0071,3.97,3.23,17.75,83.73,14.5,7.3,48.47,0
DOC_0215,61.08,25.18,2,0.0112,36.64,43.36,21.37,25.82,30.14,7.71,11.14,0
DOC_0216,34.21,55.56,1,0.016,23.4,17.11,0.36,26.35,16.4,19.42,47.51,0
DOC_0217,95.28,52.14,0,0.0063,2.66,0.0,-1.0,60.88,14.61,4.71,70.5,0
DOC_0218,23.43,38.09,2,0.0105,11.69,10.81,-1.0,25.16,26.18,13.27,30.38,0
DOC_0219,11.29,11.13,0,0.0104,15.37,5.29,0.53,14.69,2.54,0.32,11.32,0
DOC_0220,20.34,18.13,2,0.0042,10.75,15.7,0.0,9.74,16.33,3.07,21.83,0
DOC_0221,37.12,0.0,2,0.0227,100.0,25.85,-1.0,25.69,23.45,7.73,22.91,0
DOC_0222,53.45,60.93,1,0.004,2.96,21.43,-1.0,59.04,27.58,12.11,85.73,0
DOC_0223,59.37,67.04,0,0.0002,22.37,4.38,-1.0,71.38,22.52,7.3,61.22,0
DOC_0224,63.67,48.8,2,0.0127,23.55,14.94,24.38,34.13,15.25,0.0,29.11,0
DOC_0225,25.97,15.34,3,0.0011,6.86,0.52,12.39,15.85,0.0,4.07,1.7,0
DOC_0226,80.09,68.99,1,0.0116,25.98,7.84,23.94,57.63,13.91,4.83,42.15,0
DOC_0227,80.35,50.34,0,0.0214,14.16,16.24,-1.0,83.67,21.06,15.58,45.31,0
DOC_0228,67.78,72.4,2,0.0038,12.31,11.27,-1.0,19.18,31.29,14.58,84.02,0
DOC_0229,18.58,17.88,2,0.0006,0.55,5.67,-1.0,10.86,19.33,7.78,4.65,0
DOC_0230,42.29,6.79,1,0.0195,53.86,42.3,-1.0,7.21,0.0,5.29,34.62,0
DOC_0231,27.6,15.37,2,0.0043,5.67,7.68,-1.0,0.0,4.05,7.27,8.18,0
DOC_0232,18.47,24.47,2,0.0005,6.76,6.9,-1.0,22.15,0.0,10.8,14.64,0
DOC_0233,68.38,76.55,0,0.0035,5.73,19.26,-1.0,51.97,16.04,9.9,53.01,0
DOC_0234,38.6,27.59,2,0.0161,17.22,10.47,11.44,49.05,26.31,0.0,60.54,0
DOC_0235,19.62,36.32,2,0.0029,11.32,6.76,20.04,0.0,1.3,4.07,21.1,0
DOC_0236,17.55,32.19,2,0.0032,12.56,13.54,-1.0,25.42,11.5,4.35,23.8,0
DOC_0237,45.28,80.27,2,0.0001,18.56,11.1,-1.0,41.31,0.0,1.19,75.17,0
DOC_0238,15.59,7.91,2,0.0132,3.47,0.34,-1.0,19.91,5.85,4.3,25.4,0
DOC_0239,33.36,78.73,0,0.0096,11.7,12.76,17.26,84.27,9.79,10.84,53.99,0
DOC_0240,52.7,5.22,1,0.003,18.7,12.45,8.51,43.01,7.24,16.74,29.46,0
DOC_0241,18.4,48.25,0,0.0075,12.88,14.87,-1.0,63.11,13.05,1.07,31.72,0
DOC_0242,56.15,57.84,0,0.0069,16.87,14.19,14.74,54.97,12.48,0.0,50.48,0
DOC_0243,76.63,64.28,1,0.0229,9.35,21.21,-1.0,83.39,38.3,5.54,68.68,0
DOC_0244,69.22,20.74,1,0.0055,0.0,38.92,25.43,15.72,11.88,3.36,37.96,0
DOC_0245,25.2,24.51,1,0.0048,17.14,0.0,-1.0,7.65,12.33,0.0,25.57,0
DOC_0246,60.56,44.73,2,0.0004,4.12,6.0,0.0,37.48,0.0,1.43,63.67,0
DOC_0247,7.76,21.89,1,0.0061,13.63,2.13,-1.0,0.0,14.35,4.14,25.72,0
DOC_0248,68.62,41.8,0,0.0071,14.39,19.46,29.61,56.78,12.88,15.12,79.55,0
DOC_0249,36.43,35.64,3,0.002,33.41,2.68,16.87,60.87,26.65,2.67,55.33,0
DOC_0250,27.36,21.34,3,0.0058,8.18,13.09,0.0,11.7,6.73,1.86,15.12,0
DOC_0251,29.35,0.0,3,0.022,10.03,1.91,0.0,3.47,14.82,6.69,8.62,0
DOC_0252,43.25,20.64,3,0.0062,17.62,13.22,-1.0,82.55,5.82,7.11,41.25,0
DOC_0253,17.57,10.18,2,0.0044,2.58,9.29,0.0,14.98,4.46,0.0,26.35,0
DOC_0254,75.71,27.18,2,0.0124,16.59,5.85,-1.0,77.54,37.96,12.24,54.36,0
DOC_0255,19.6,48.45,2,0.0064,58.63,28.27,10.21,21.09,18.01,8.47,2.46,0
DOC_0256,41.87,15.3,3,0.0096,0.0,21.8,-1.0,19.36,43.44,4.84,30.13,0
DOC_0257,21.2,21.31,1,0.0029,18.84,1.83,7.11,20.06,3.63,15.83,29.91,0
DOC_0258,19.7,30.27,1,0.0109,8.47,4.98,-1.0,14.26,7.55,14.86,4.14,0
DOC_0259,22.04,34.89,2,0.0003,5.57,2.47,17.19,19.36,0.0,8.41,19.26,0
DOC_0260,31.66,60.7,2,0.0355,22.74,6.03,-1.0,42.61,22.49,0.24,21.61,0
DOC_0261,47.07,69.07,2,0.0135,18.51,16.88,13.7,41.53,22.77,9.61,77.02,0
DOC_0262,98.9,80.67,0,0.0071,12.34,17.8,16.43,44.74,2.87,6.44,69.95,0
DOC_0263,56.18,47.55,0,0.0055,7.52,0.0,14.61,70.28,8.28,18.17,86.46,0
DOC_0264,19.25,30.24,3,0.0003,0.0,3.56,-1.0,14.09,7.51,5.26,7.39,0
DOC_0265,45.09,54.58,2,0.005,0.0,0.21,-1.0,29.94,11.49,1.95,72.85,0
DOC_0266,62.95,44.31,2,0.0032,11.87,12.35,24.4,59.68,17.42,8.53,29.65,0
DOC_0267,57.71,26.22,4,0.0016,14.51,0.0,0.0,54.0,11.6,19.77,21.85,0
DOC_0268,60.68,3.79,2,0.0218,37.64,0.0,31.04,15.52,39.55,4.51,13.91,0
DOC_0269,37.03,63.95,2,0.0019,32.58,25.99,0.42,57.22,8.25,9.61,32.59,0
DOC_0270,20.65,34.51,1,0.0053,9.88,4.69,-1.0,9.69,0.0,6.73,43.12,0
DOC_0271,24.88,69.61,1,0.0001,10.98,1.76,11.51,4.34,21.56,11.79,78.52,0
DOC_0272,19.83,30.74,3,0.0056,15.87,6.72,-1.0,6.68,4.17,0.92,7.34,0
DOC_0273,71.87,53.64,2,0.0055,1.06,2.97,0.0,64.23,25.25,28.43,12.81,0
DOC_0274,53.89,47.2,3,0.0612,48.13,20.85,-1.0,60.75,20.01,12.69,18.51,0
DOC_0275,11.76,30.82,2,0.0014,8.67,11.02,4.4,5.14,6.3,10.97,26.95,0
DOC_0276,7.02,23.51,2,0.0016,2.31,3.49,-1.0,20.96,4.19,3.82,25.44,0
DOC_0277,21.37,22.67,2,0.0012,10.75,5.88,-1.0,6.89,1.32,6.29,20.13,0
DOC_0278,73.74,47.24,2,0.0137,5.39,0.92,30.3,72.41,42.13,5.84,47.08,0
DOC_0279,20.99,23.12,1,0.0134,0.45,10.08,-1.0,25.29,13.23,0.0,26.2,0
DOC_0280,39.03,36.02,1,0.0057,13.16,10.37,10.66,55.86,7.79,29.88,38.97,0
DOC_0281,59.13,32.88,4,0.0055,24.57,10.53,-1.0,61.8,15.33,18.52,56.79,0
DOC_0282,10.67,11.63,3,0.0024,16.11,6.12,7.89,0.64,0.11,6.41,0.0,0
DOC_0283,55.19,32.79,3,0.0043,12.94,0.0,31.46,33.8,24.99,13.97,51.05,0
DOC_0284,8.4,0.0,1,0.0121,8.87,5.99,10.17,10.42,7.04,3.15,4.52,0
DOC_0285,51.28,64.38,0,0.0007,13.34,10.27,-1.0,91.43,5.26,4.48,62.94,0
DOC_0286,53.79,23.28,1,0.0068,66.76,21.81,35.04,34.83,19.87,3.12,37.88,0
DOC_0287,62.06,70.21,2,0.0007,20.43,0.0,7.86,49.03,8.02,3.09,70.4,0
DOC_0288,3.83,24.72,2,0.0044,7.48,0.72,-1.0,19.64,4.7,6.58,9.15,0
DOC_0289,64.72,78.46,0,0.0266,8.7,22.56,18.69,67.53,22.12,2.04,42.76,0
DOC_0290,6.89,4.0,2,0.0013,11.08,13.23,10.13,5.06,10.52,0.72,18.98,0
DOC_0291,7.88,2.07,0,0.0021,7.26,8.79,-1.0,11.0,9.62,4.78,19.83,0
DOC_0292,29.95,51.4,3,0.001,18.81,0.0,2.92,27.54,13.23,19.9,40.7,0
DOC_0293,25.48,30.66,2,0.0013,0.28,1.1,28.05,42.3,0.8,5.8,42.4,0
DOC_0294,28.37,8.93,0,0.0073,7.09,2.98,-1.0,10.48,3.26,4.96,15.84,0
DOC_0295,34.42,24.8,4,0.001,30.54,18.82,-1.0,25.25,0.28,4.09,52.88,0
DOC_0296,76.25,59.37,0,0.0048,10.43,8.86,-1.0,69.04,25.36,0.0,55.57,0
DOC_0297,64.15,70.29,1,0.0206,0.0,19.55,12.45,90.9,27.11,10.58,63.69,0
DOC_0298,13.55,18.7,2,0.0048,6.07,0.32,13.9,0.85,9.31,10.05,9.55,0
DOC_0299,6.01,19.08,3,0.0074,11.29,6.3,17.6,11.54,0.0,3.69,14.64,0
DOC_0300,75.29,75.55,1,0.0008,22.22,0.0,18.91,30.11,5.82,8.9,90.3,0
DOC_0301,26.05,0.0,3,0.0043,37.71,6.88,17.48,62.76,26.85,4.52,20.66,0
DOC_0302,60.61,50.69,1,0.0233,27.12,12.67,19.7,60.88,23.63,9.87,29.66,0
DOC_0303,94.27,85.49,0,0.0024,10.69,8.54,12.99,42.95,3.6,13.81,94.41,0
DOC_0304,100.0,34.78,0,0.007,7.61,8.98,9.74,44.66,15.29,0.0,69.27,0
DOC_0305,1.48,20.28,2,0.0004,6.08,6.15,7.84,6.37,7.81,5.09,22.73,0
DOC_0306,7.07,25.93,2,0.0037,11.8,13.88,-1.0,5.15,9.19,4.6,12.21,0
DOC_0307,14.15,26.96,2,0.0002,0.0,0.0,-1.0,7.19,6.44,12.99,26.02,0
DOC_0308,73.52,53.01,1,0.0043,17.65,14.12,11.76,12.38,14.4,11.66,73.85,0
DOC_0309,50.51,74.41,1,0.0001,17.93,9.65,8.6,26.65,20.48,21.7,41.73,0
DOC_0310,75.32,67.16,1,0.0141,12.55,13.35,-1.0,43.01,6.36,0.0,76.55,0
DOC_0311,49.97,71.36,0,0.0038,7.56,5.15,23.77,53.36,10.21,11.3,78.8,0
DOC_0312,27.12,16.13,1,0.0184,16.52,1.44,0.25,20.95,4.46,4.34,18.72,0
DOC_0313,6.0,12.21,1,0.0169,13.32,12.06,6.05,13.0,9.39,10.73,10.23,0
DOC_0314,30.47,4.7,2,0.0082,0.0,0.21,-1.0,24.58,9.25,6.54,7.04,0
DOC_0315,26.79,60.18,3,0.0033,14.02,6.03,-1.0,43.99,22.06,17.13,35.06,0
DOC_0316,69.14,89.66,1,0.0143,0.0,2.64,11.72,48.86,10.26,9.63,73.23,0
DOC_0317,52.25,56.52,2,0.0083,0.0,2.39,-1.0,84.8,12.88,0.0,55.59,0
DOC_0318,32.74,21.47,4,0.0025,17.07,7.31,23.76,50.01,11.89,3.23,26.23,0
DOC_0319,14.17,23.59,2,0.0059,7.62,5.2,17.49,0.0,5.02,10.49,2.34,0
DOC_0320,0.0,38.57,1,0.0305,10.38,14.86,4.28,31.66,12.48,10.96,0.0,0
DOC_0321,42.58,56.49,0,0.0017,0.0,5.76,-1.0,60.99,8.15,8.62,59.96,0
DOC_0322,0.0,42.67,0,0.037,51.21,28.66,4.79,34.15,20.1,0.0,44.27,0
DOC_0323,47.0,76.05,0,0.0017,7.22,10.49,-1.0,26.74,17.59,7.13,62.57,0
DOC_0324,60.96,96.35,1,0.0131,11.69,15.4,13.59,23.3,23.4,6.54,69.12,0
DOC_0325,25.98,17.13,1,0.0159,6.25,0.0,5.23,3.79,13.58,4.34,12.76,0
DOC_0326,19.62,19.88,3,0.0026,4.33,0.0,0.0,65.87,29.68,3.77,38.05,0
DOC_0327,14.34,21.86,2,0.0071,5.42,5.3,-1.0,27.07,0.0,0.0,19.26,0
DOC_0328,20.23,18.11,1,0.0081,42.66,29.4,19.33,20.55,28.78,6.82,22.43,0
DOC_0329,58.8,49.05,1,0.0109,18.05,5.23,10.65,34.72,11.14,13.1,67.23,0
DOC_0330,44.27,82.44,2,0.0013,6.79,15.59,24.83,41.62,6.84,0.0,83.03,0
DOC_0331,20.86,66.19,1,0.0075,18.2,0.0,-1.0,6.49,12.38,5.75,61.27,0
DOC_0332,21.23,27.16,1,0.0077,12.08,11.18,13.56,9.03,20.59,2.37,18.32,0
DOC_0333,29.91,38.13,2,0.0027,15.35,4.5,-1.0,2.31,42.5,12.36,23.35,0
DOC_0334,19.26,21.76,2,0.0005,5.57,8.88,8.8,20.15,12.92,6.62,12.67,0
DOC_0335,73.11,53.71,0,0.03,2.29,13.34,16.09,41.82,20.58,2.6,81.49,0
DOC_0336,55.75,80.16,0,0.0022,17.01,7.27,-1.0,37.81,16.87,8.31,58.5,0
DOC_0337,15.19,0.0,1,0.0053,13.68,2.19,7.0,16.02,5.1,0.0,0.0,0
DOC_0338,62.08,63.26,2,0.0012,7.82,10.18,-1.0,42.73,17.44,0.0,70.39,0
DOC_0339,48.83,56.8,1,0.0106,8.02,10.99,11.74,89.01,22.89,1.06,38.0,0
DOC_0340,5.59,26.62,0,0.0062,19.1,0.71,15.04,23.5,10.51,5.54,21.87,0
DOC_0341,44.85,52.97,3,0.0072,19.14,12.46,-1.0,19.9,30.65,0.44,39.29,0
DOC_0342,11.24,25.53,1,0.0037,4.53,0.0,-1.0,23.57,18.06,0.97,28.77,0
DOC_0343,0.64,8.06,3,0.0025,0.0,7.57,-1.0,21.9,9.59,8.29,17.3,0
DOC_0344,8.5,30.58,1,0.0022,2.52,0.28,-1.0,10.12,14.45,7.48,38.75,0
DOC_0345,27.44,31.44,2,0.0019,4.69,12.09,12.04,20.01,2.73,8.71,11.62,0
DOC_0346,61.9,66.36,2,0.0034,25.56,15.48,5.81,40.18,16.67,6.5,77.43,0
DOC_0347,41.16,26.53,2,0.0118,12.61,46.75,-1.0,21.94,27.86,1.58,48.63,0
DOC_0348,10.83,22.19,0,0.0115,4.58,2.57,3.25,29.52,8.08,2.02,15.01,0
DOC_0349,52.13,26.82,2,0.0007,32.21,5.63,-1.0,48.77,6.19,9.95,46.76,0
DOC_0350,59.18,76.48,1,0.0154,3.36,8.42,11.89,69.88,21.58,6.33,77.37,0
DOC_0351,41.33,49.65,3,0.0043,53.61,14.0,13.3,31.02,0.0,16.65,21.85,0
DOC_0352,62.84,49.43,0,0.008,11.15,23.34,-1.0,75.34,32.62,4.0,47.01,0
DOC_0353,51.44,36.38,1,0.0033,45.08,3.3,19.41,0.0,0.0,12.88,29.54,0
DOC_0354,16.19,33.89,2,0.0069,7.79,7.41,-1.0,15.46,11.74,8.52,39.55,0
DOC_0355,30.27,15.88,0,0.008,24.9,20.15,8.42,20.37,39.98,2.86,28.43,0
DOC_0356,23.22,3.69,1,0.0166,1.67,10.66,15.86,23.61,9.51,3.84,12.24,0
DOC_0357,57.07,19.51,2,0.0036,12.9,5.93,-1.0,44.27,26.32,6.85,25.62,0
DOC_0358,22.08,32.73,0,0.0069,0.0,4.01,19.95,29.07,5.1,9.78,17.61,0
DOC_0359,13.13,25.93,2,0.0106,7.77,6.63,0.58,22.23,8.67,10.04,23.18,0
DOC_0360,62.39,49.54,0,0.0072,8.09,9.3,-1.0,54.31,24.73,9.75,72.37,0
DOC_0361,28.14,35.48,3,0.0016,18.96,0.0,15.29,47.5,4.97,3.05,36.47,0
DOC_0362,26.83,17.44,3,0.0007,5.56,7.96,-1.0,0.03,15.69,1.67,25.22,0
DOC_0363,20.95,44.36,3,0.0141,16.5,11.48,5.59,45.27,6.3,15.16,35.29,0
DOC_0364,27.2,69.09,1,0.0096,0.0,7.29,-1.0,100.0,16.94,12.39,48.24,0
DOC_0365,30.65,51.94,0,0.0031,14.11,0.0,-1.0,77.29,0.51,0.0,69.09,0
DOC_0366,69.61,53.97,0,0.0035,0.0,15.3,-1.0,91.41,15.81,12.54,29.29,0
DOC_0367,23.28,11.96,0,0.0102,6.51,1.3,19.26,13.42,6.9,0.77,17.86,0
DOC_0368,39.06,38.38,4,0.0038,3.49,5.35,-1.0,55.58,25.44,0.0,36.39,0
DOC_0369,14.25,12.41,1,0.0095,8.45,5.01,2.94,26.66,11.19,0.0,12.71,0
DOC_0370,26.57,37.19,2,0.0069,32.68,15.45,-1.0,43.06,31.39,8.78,26.3,0
DOC_0371,54.86,40.13,0,0.0052,0.0,5.73,19.51,100.0,33.6,0.53,61.49,0
DOC_0372,30.88,20.8,3,0.0017,23.68,11.12,6.01,29.66,23.7,15.06,27.89,0
DOC_0373,28.42,57.53,4,0.0073,1.81,7.96,-1.0,14.61,4.56,15.37,44.06,0
DOC_0374,34.12,20.75,2,0.0009,23.28,2.32,11.25,35.67,33.9,16.62,37.37,0
DOC_0375,42.92,58.81,0,0.0143,22.34,10.78,9.01,78.81,34.14,10.68,50.48,0
DOC_0376,14.41,22.39,2,0.0009,0.0,10.85,-1.0,15.03,15.38,9.91,4.0,0
DOC_0377,48.81,32.12,1,0.0033,24.4,15.17,-1.0,49.32,33.04,16.32,49.54,0
DOC_0378,20.61,6.11,3,0.0034,11.02,8.62,-1.0,8.44,6.59,0.3,29.19,0
DOC_0379,15.64,34.53,2,0.0105,0.0,8.2,0.0,18.9,0.0,0.0,26.87,0
DOC_0380,63.16,68.23,1,0.0049,10.55,29.1,-1.0,33.39,16.53,3.71,77.51,0
DOC_0381,50.67,78.58,2,0.0085,9.47,1.13,5.7,63.87,23.85,4.13,32.88,0
DOC_0382,30.79,27.34,0,0.0042,4.93,6.21,13.95,16.55,10.39,4.71,10.65,0
DOC_0383,16.51,4.01,2,0.0063,5.36,8.46,-1.0,22.31,11.23,8.58,41.94,0
DOC_0384,94.78,42.64,1,0.0128,0.0,22.06,12.8,38.88,19.78,14.73,55.2,0
DOC_0385,72.94,61.32,0,0.0274,3.03,17.52,-1.0,64.97,6.59,12.46,54.93,0
DOC_0386,18.25,36.08,3,0.0047,6.68,2.14,17.12,17.01,8.6,5.21,28.37,0
DOC_0387,20.68,34.78,2,0.0007,1.58,6.43,6.61,14.83,11.03,5.42,10.86,0
DOC_0388,34.69,42.3,2,0.0034,25.63,0.0,9.7,58.5,20.68,14.17,65.53,0
DOC_0389,38.72,31.17,2,0.0341,30.83,28.7,-1.0,29.4,3.15,7.19,34.23,0
DOC_0390,65.1,26.75,3,0.0029,9.64,5.72,-1.0,57.4,9.8,7.81,34.79,0
DOC_0391,37.24,31.47,3,0.0119,38.16,33.74,15.49,19.61,12.09,4.56,34.44,0
DOC_0392,55.51,29.3,3,0.013,11.89,7.29,23.9,54.33,11.65,3.05,34.84,0
DOC_0393,19.1,49.18,1,0.0033,0.0,1.59,-1.0,7.34,1.23,6.55,5.26,0
DOC_0394,55.78,37.09,1,0.0121,0.0,13.68,-1.0,85.61,0.45,5.79,61.21,0
DOC_0395,10.66,37.31,2,0.0003,4.45,1.55,0.0,6.54,13.55,3.35,12.9,0
DOC_0396,19.2,27.71,2,0.0043,4.96,9.62,-1.0,18.6,11.03,6.45,12.93,0
DOC_0397,54.29,33.42,1,0.0143,4.57,20.57,-1.0,79.0,29.58,18.85,65.59,0
DOC_0398,46.16,50.37,1,0.0113,21.62,3.63,-1.0,81.26,26.54,13.83,57.8,0
DOC_0399,31.0,13.18,4,0.0105,18.24,5.19,-1.0,36.6,0.2,3.46,17.99,0
DOC_0400,55.81,41.7,1,0.0048,5.77,3.88,29.69,86.38,14.52,0.0,68.86,0
DOC_0401,81.36,100.0,1,0.0033,18.27,14.88,-1.0,60.38,26.59,14.16,66.99,0
DOC_0402,30.95,24.16,2,0.003,13.46,2.57,-1.0,28.23,6.99,5.4,25.59,0
DOC_0403,72.44,60.02,0,0.0024,16.43,3.43,-1.0,58.62,10.21,6.37,76.51,0
DOC_0404,22.92,32.83,1,0.0017,26.03,10.23,15.49,46.26,22.52,9.19,27.89,0
DOC_0405,32.23,38.05,4,0.0028,0.0,16.58,12.17,31.11,12.02,5.9,22.98,0
DOC_0406,15.22,27.71,1,0.014,10.57,11.0,2.81,12.25,0.0,0.0,18.34,0
DOC_0407,22.91,23.75,3,0.009,14.97,1.85,-1.0,0.0,6.35,4.77,19.14,0
DOC_0408,62.93,38.3,0,0.0014,0.02,15.14,-1.0,51.37,8.74,1.42,56.98,0
DOC_0409,46.47,45.36,3,0.0038,8.43,12.62,3.27,60.16,18.28,20.81,12.31,0
DOC_0410,7.35,0.0,2,0.0004,8.9,11.46,-1.0,17.4,12.4,0.0,21.11,0
DOC_0411,36.62,65.23,1,0.0181,10.05,14.36,-1.0,27.63,7.81,3.18,86.76,0
DOC_0412,29.36,44.02,2,0.0042,2.21,0.0,21.78,41.8,25.87,17.71,34.7,0
DOC_0413,28.43,10.16,2,0.0013,10.55,10.93,17.6,51.15,17.28,5.18,25.5,0
DOC_0414,11.2,14.59,1,0.0173,18.61,16.0,-1.0,32.05,1.35,9.88,31.99,0
DOC_0415,12.97,17.22,2,0.0008,11.96,5.94,-1.0,17.94,9.5,3.37,19.25,0
DOC_0416,30.12,23.82,1,0.0016,17.82,9.1,0.0,15.83,8.22,0.0,25.45,0
DOC_0417,19.07,24.28,1,0.0009,14.13,0.0,8.91,13.71,4.09,0.0,33.99,0
DOC_0418,72.55,64.6,1,0.0004,0.94,12.36,-1.0,54.23,0.0,6.64,55.87,0
DOC_0419,60.44,78.74,1,0.0095,0.0,11.09,8.66,17.65,0.0,3.27,71.38,0
DOC_0420,24.03,13.85,1,0.001,8.08,4.9,4.84,28.16,9.26,4.2,43.01,0
DOC_0421,46.17,48.63,1,0.0026,25.36,5.92,-1.0,100.0,24.69,5.05,77.92,0
DOC_0422,25.41,40.69,4,0.0029,0.0,13.4,14.49,26.18,17.68,5.0,46.2,0
DOC_0423,18.25,26.9,2,0.0082,2.01,0.0,-1.0,5.2,0.0,1.66,19.93,0
DOC_0424,19.78,35.22,3,0.0042,17.91,5.33,29.06,66.35,36.48,5.57,31.19,0
DOC_0425,50.69,61.89,0,0.0088,9.79,0.0,-1.0,66.79,29.7,10.51,61.31,0
DOC_0426,7.83,16.21,2,0.0117,18.6,6.47,1.61,9.89,0.0,4.16,14.74,0
DOC_0427,45.86,32.85,2,0.0045,18.77,12.29,17.98,30.4,22.4,4.08,47.97,0
DOC_0428,19.21,22.98,2,0.001,1.95,4.4,14.34,0.0,16.16,8.8,0.57,0
DOC_0429,30.89,56.95,3,0.0072,14.83,0.0,-1.0,63.18,17.47,21.03,24.93,0
DOC_0430,39.18,22.09,4,0.0083,0.0,17.7,9.53,13.86,34.01,29.98,35.69,0
DOC_0431,12.87,48.24,2,0.0011,16.07,5.26,-1.0,4.93,8.29,2.18,3.06,0
DOC_0432,80.83,46.04,0,0.0021,0.0,19.43,38.03,64.0,12.55,7.37,67.19,0
DOC_0433,17.8,17.83,0,0.005,0.0,7.87,16.81,15.87,1.78,9.28,21.98,0
DOC_0434,40.92,23.61,3,0.0234,25.29,15.59,-1.0,23.49,40.67,3.4,20.75,0
DOC_0435,55.28,33.13,0,0.0047,11.58,9.55,14.17,61.39,17.19,11.48,79.18,0
DOC_0436,12.97,20.99,1,0.0057,0.0,6.58,9.55,11.16,9.21,4.91,8.24,0
DOC_0437,17.64,7.67,1,0.0062,1.75,10.83,-1.0,15.29,11.1,0.09,3.95,0
DOC_0438,59.93,66.17,1,0.0138,0.0,5.27,-1.0,44.77,5.31,8.54,64.97,0
DOC_0439,68.78,48.59,2,0.0107,6.52,16.79,5.25,67.93,25.91,7.36,87.13,0
DOC_0440,26.55,71.14,1,0.0032,11.12,7.97,7.25,42.14,6.81,8.48,75.62,0
DOC_0441,33.84,60.46,3,0.0175,10.39,0.0,17.29,64.86,35.3,11.75,22.37,0
DOC_0442,0.0,40.26,2,0.0016,25.23,52.51,-1.0,21.05,0.0,7.35,28.41,0
DOC_0443,64.41,79.52,0,0.0009,18.56,15.38,-1.0,51.58,14.09,10.15,40.05,0
DOC_0444,12.6,0.0,1,0.0102,12.1,11.64,26.28,9.28,0.0,0.0,21.78,0
DOC_0445,52.58,62.42,1,0.0063,0.0,6.89,-1.0,25.85,8.91,3.82,80.08,0
DOC_0446,45.41,22.25,2,0.0101,17.81,8.67,3.84,57.1,0.0,0.0,60.08,0
DOC_0447,28.94,23.32,3,0.0029,21.15,15.7,10.19,16.72,30.98,10.3,51.38,0
DOC_0448,60.95,9.6,1,0.0002,20.48,8.53,7.02,95.07,10.99,11.03,56.7,0
DOC_0449,80.64,74.87,0,0.0023,0.0,5.21,15.89,52.53,13.29,10.22,78.82,0
DOC_0450,35.71,39.51,1,0.0207,15.23,15.97,-1.0,71.54,0.0,18.04,64.63,0
DOC_0451,80.09,51.03,1,0.0059,16.17,5.96,8.77,41.9,18.67,3.99,89.66,0
DOC_0452,15.0,14.07,2,0.0004,14.25,12.92,8.72,42.78,25.23,6.43,65.81,0
DOC_0453,49.81,92.9,0,0.0057,13.01,3.84,21.26,84.64,20.01,12.12,25.69,0
DOC_0454,21.58,13.61,0,0.0008,11.74,11.07,19.7,34.91,10.36,12.95,12.31,0
DOC_0455,11.62,20.41,1,0.0094,9.84,10.69,-1.0,23.64,9.03,10.76,5.83,0
DOC_0456,47.02,18.62,2,0.0018,8.52,0.0,8.21,65.52,7.95,9.53,41.7,0
DOC_0457,42.99,50.32,2,0.0044,15.94,14.34,12.66,89.86,14.7,7.46,36.75,0
DOC_0458,78.07,27.88,0,0.0005,7.3,4.21,12.88,48.6,20.69,13.18,32.58,0
DOC_0459,52.3,46.44,3,0.0041,10.44,17.07,19.66,20.79,7.67,21.02,50.3,0
DOC_0460,15.09,28.54,2,0.0048,14.15,13.69,13.84,15.49,12.33,3.17,41.88,0
DOC_0461,19.44,17.27,2,0.0019,5.02,4.29,14.28,16.85,10.72,13.54,10.29,0
DOC_0462,7.77,11.05,3,0.0104,16.02,6.28,6.19,27.21,8.8,4.52,14.67,0
DOC_0463,15.52,4.52,0,0.0159,7.76,7.99,-1.0,13.37,2.77,5.36,25.38,0
DOC_0464,8.85,20.87,0,0.0091,3.69,9.12,-1.0,3.67,10.1,0.52,28.63,0
DOC_0465,97.07,39.51,0,0.0114,1.88,3.9,-1.0,82.34,11.63,11.31,52.84,0
DOC_0466,17.08,21.48,2,0.0004,3.33,0.0,16.61,18.02,4.72,14.34,18.35,0
DOC_0467,11.58,8.53,1,0.0001,4.57,0.0,-1.0,14.83,12.1,7.95,15.8,0
DOC_0468,40.95,29.8,3,0.001,5.16,4.58,-1.0,58.04,23.38,8.73,21.23,0
DOC_0469,41.39,13.1,2,0.0146,22.72,0.0,0.0,65.45,16.15,8.7,41.58,0
DOC_0470,10.93,21.32,1,0.003,6.42,17.19,2.49,24.64,6.17,0.0,37.53,0
DOC_0471,61.08,41.52,1,0.0103,22.23,17.85,-1.0,29.31,18.51,0.0,50.85,0
DOC_0472,57.52,48.55,0,0.0028,3.22,10.71,27.74,52.57,35.82,5.6,59.94,0
DOC_0473,61.05,43.12,1,0.0244,1.56,1.31,14.9,66.02,33.7,15.2,57.52,0
DOC_0474,17.3,38.8,1,0.0159,10.36,3.72,20.28,12.78,13.82,1.84,18.53,0
DOC_0475,50.66,61.49,0,0.0043,19.43,15.27,13.54,60.93,24.98,11.22,67.63,0
DOC_0476,9.59,45.1,1,0.0009,35.43,0.0,15.98,14.95,16.02,16.5,37.28,0
DOC_0477,59.63,60.55,2,0.0009,13.12,26.28,21.58,64.56,27.42,7.45,41.77,0
DOC_0478,33.95,36.18,2,0.0002,12.16,0.72,18.21,23.23,18.68,10.91,37.79,0
DOC_0479,74.56,82.23,0,0.0017,15.59,12.69,-1.0,42.08,15.49,1.05,84.79,0
DOC_0480,26.06,19.12,1,0.002,0.0,10.15,8.49,9.95,29.74,3.52,47.85,0
DOC_0481,60.97,55.52,1,0.0088,16.86,8.78,33.46,84.36,18.94,15.4,57.88,0
DOC_0482,14.9,33.06,1,0.0034,11.71,3.31,18.98,10.57,6.27,4.43,18.84,0
DOC_0483,72.36,46.99,0,0.0409,11.09,17.79,-1.0,52.46,12.79,24.68,42.43,0
DOC_0484,19.69,45.28,4,0.0019,11.65,0.0,33.01,61.17,31.5,5.9,45.25,0
DOC_0485,83.02,91.45,0,0.0044,6.59,10.2,6.58,32.6,20.79,8.79,78.65,0
DOC_0486,48.6,31.08,0,0.0016,4.11,6.0,-1.0,42.64,29.06,0.0,27.95,0
DOC_0487,38.15,43.04,1,0.003,1.72,2.97,20.97,64.51,25.04,11.13,78.05,0
DOC_0488,38.77,39.29,3,0.0004,13.02,3.44,10.36,21.88,35.71,13.93,31.56,0
DOC_0489,44.94,40.21,1,0.0202,16.08,0.0,1.32,60.57,0.0,0.0,37.91,0
DOC_0490,42.03,30.43,2,0.0012,19.28,14.7,-1.0,59.11,7.22,3.87,28.08,0
DOC_0491,0.0,23.36,3,0.0037,4.29,11.7,-1.0,8.02,8.75,3.1,5.31,0
DOC_0492,16.65,25.99,2,0.0021,5.1,0.0,17.95,0.0,11.7,10.19,8.9,0
DOC_0493,58.34,60.3,0,0.0198,0.0,11.9,8.04,66.58,5.93,10.41,77.81,0
DOC_0494,18.86,10.93,2,0.011,10.29,0.0,2.63,19.39,0.0,10.33,15.42,0
DOC_0495,28.15,24.91,0,0.0016,16.55,0.81,-1.0,16.45,3.78,13.46,19.44,0
DOC_0496,0.0,39.75,2,0.0002,22.07,6.62,-1.0,45.35,8.37,14.63,41.9,0
DOC_0497,85.11,77.6,0,0.0211,18.56,5.77,-1.0,74.2,0.0,0.0,55.34,0
DOC_0498,18.66,16.31,1,0.002,11.49,0.49,9.88,12.19,0.0,4.46,29.12,0
DOC_0499,72.28,80.24,1,0.0065,23.77,0.0,7.1,73.28,32.89,7.2,38.19,0
DOC_0500,35.14,15.3,2,0.0003,14.94,0.24,2.28,12.12,9.47,3.65,2.57,0
DOC_0501,47.13,33.45,1,0.0403,45.74,0.0,17.16,1.92,41.94,5.97,21.49,1
DOC_0502,60.82,100.0,3,0.2594,66.06,77.52,81.78,55.85,76.63,10.13,74.85,1
DOC_0503,68.91,72.33,2,0.1776,53.48,59.98,68.82,71.61,97.58,0.61,50.95,1
DOC_0504,19.95,58.47,2,0.0446,53.72,84.24,-1.0,23.77,63.23,11.07,41.28,1
DOC_0505,72.88,75.28,2,0.1663,79.62,78.86,-1.0,51.51,99.15,9.47,62.63,1
DOC_0506,16.26,57.18,0,0.0425,53.34,31.91,-1.0,17.46,47.8,0.0,51.51,1
DOC_0507,80.66,83.59,5,0.1978,83.82,77.94,48.17,57.2,61.06,5.46,68.99,1
DOC_0508,64.17,67.65,0,0.1889,76.55,62.3,56.48,68.85,68.98,15.3,38.85,1
DOC_0509,74.16,73.4,4,0.2124,64.66,69.5,-1.0,41.67,64.27,22.73,62.16,1
DOC_0510,54.2,63.4,1,0.1887,70.98,42.11,-1.0,73.44,52.36,0.0,29.81,1
DOC_0511,79.01,66.04,3,0.2163,73.28,88.85,88.05,89.51,77.99,0.0,78.45,1
DOC_0512,74.77,53.54,2,0.172,65.47,42.98,87.9,43.02,76.55,6.92,50.98,1
DOC_0513,15.46,56.97,1,0.0206,30.73,40.87,51.68,33.74,29.98,33.48,15.61,1
DOC_0514,30.63,47.92,2,0.0193,43.26,70.55,-1.0,34.82,64.33,9.94,51.77,1
DOC_0515,38.73,21.27,3,0.0261,6.91,36.85,40.3,48.77,27.9,16.56,27.26,1
DOC_0516,39.46,48.01,0,0.0258,0.0,8.48,67.61,17.68,20.34,51.39,13.32,1
DOC_0517,68.84,89.86,4,0.2028,89.92,79.5,66.47,86.03,74.12,18.58,68.28,1
DOC_0518,90.21,74.95,3,0.3095,92.38,65.79,61.53,65.0,93.59,33.39,94.01,1
DOC_0519,78.61,94.77,3,0.241,57.55,61.26,-1.0,54.35,83.73,14.24,53.73,1
DOC_0520,65.07,29.19,2,0.2115,18.78,52.49,50.73,16.64,28.34,14.98,45.22,1
DOC_0521,76.87,69.51,2,0.0334,17.35,21.91,76.74,22.04,24.92,14.35,65.39,1
DOC_0522,50.24,63.31,3,0.1657,27.67,50.75,-1.0,46.6,31.58,2.52,70.06,1
DOC_0523,28.14,27.69,2,0.0318,34.67,54.36,22.13,17.84,37.43,3.7,17.8,1
DOC_0524,48.32,32.43,1,0.033,23.9,16.58,59.97,35.39,23.85,10.71,46.93,1
DOC_0525,36.43,36.91,1,0.0519,16.72,17.68,15.55,16.0,44.68,5.17,13.28,1
DOC_0526,18.01,24.23,2,0.024,5.22,26.24,-1.0,44.3,44.54,0.0,3.29,1
DOC_0527,45.4,31.9,1,0.0127,31.4,13.51,82.61,24.2,16.49,11.67,15.88,1
DOC_0528,93.36,80.66,2,0.2658,85.15,79.33,-1.0,55.11,61.53,0.0,90.75,1
DOC_0529,73.76,93.96,2,0.1855,87.68,89.97,100.0,94.26,73.56,20.57,63.17,1
DOC_0530,87.19,71.39,3,0.1373,74.7,71.2,72.29,56.26,85.94,20.47,71.86,1
DOC_0531,92.55,85.77,3,0.2,74.19,93.06,-1.0,87.5,87.44,0.06,87.16,1
DOC_0532,5.94,44.57,0,0.0502,9.36,11.77,-1.0,12.02,4.95,10.76,55.29,1
DOC_0533,100.0,56.75,4,0.1158,46.51,53.12,68.6,55.51,64.67,9.22,53.61,1
DOC_0534,81.3,89.92,1,0.205,100.0,79.09,-1.0,96.68,90.3,31.49,72.34,1
DOC_0535,31.85,46.03,0,0.0156,51.93,47.27,-1.0,20.68,17.94,0.0,22.23,1
DOC_0536,11.17,61.28,0,0.0499,19.9,37.36,60.78,16.43,22.43,16.15,22.62,1
DOC_0537,81.94,84.79,1,0.1868,67.92,74.49,74.08,78.72,70.73,25.07,82.88,1
DOC_0538,47.29,50.95,2,0.0474,57.2,29.25,-1.0,23.58,15.75,20.32,30.77,1
DOC_0539,52.58,9.24,1,0.0321,21.97,20.01,48.36,10.12,29.87,0.0,22.55,1
DOC_0540,88.01,68.21,4,0.1642,80.92,79.57,-1.0,33.71,63.04,25.66,66.21,1
DOC_0541,41.91,9.73,0,0.0,31.23,29.18,10.37,28.5,23.25,79.72,7.74,1
DOC_0542,40.67,41.59,2,0.0795,46.75,27.83,100.0,11.7,37.99,10.94,26.18,1
DOC_0543,58.86,87.34,4,0.1102,92.16,89.32,90.82,64.1,74.4,8.66,92.73,1
DOC_0544,63.86,86.42,3,0.1953,52.75,83.38,-1.0,94.54,76.79,37.97,58.25,1
DOC_0545,37.5,36.51,2,0.2726,54.98,45.96,-1.0,29.36,70.82,14.56,74.57,1
DOC_0546,30.1,4.96,1,0.0104,30.29,39.77,-1.0,21.95,40.97,5.46,34.45,1
DOC_0547,52.58,52.44,1,0.0369,15.9,16.27,87.55,55.13,6.79,12.18,47.37,1
DOC_0548,61.1,78.58,0,0.1535,27.63,48.56,-1.0,42.5,79.36,0.0,62.12,1
DOC_0549,28.41,8.47,0,0.0206,49.44,0.0,48.05,32.24,34.89,2.99,39.25,1
DOC_0550,77.37,55.14,3,0.1578,91.94,79.12,56.54,76.22,55.25,10.58,70.38,1
DOC_0551,50.77,30.41,1,0.0222,37.62,38.24,4.17,38.24,14.42,6.68,19.86,1
DOC_0552,31.77,26.97,0,0.034,29.38,54.09,76.79,20.6,1.7,11.26,30.47,1
DOC_0553,81.02,91.89,4,0.2013,88.36,81.1,79.42,70.09,74.91,26.13,60.19,1
DOC_0554,7.08,34.2,2,0.0696,36.99,21.44,1.58,8.51,21.12,10.11,37.89,1
DOC_0555,26.13,46.66,0,0.0,2.08,38.27,-1.0,17.88,8.79,77.31,24.49,1
DOC_0556,29.93,41.27,2,0.0462,25.28,39.14,-1.0,20.92,29.33,2.54,16.04,1
DOC_0557,90.26,74.68,1,0.205,73.77,75.79,61.58,66.24,74.21,0.0,51.4,1
DOC_0558,50.38,30.94,2,0.079,37.23,27.24,92.01,38.67,25.0,12.67,41.23,1
DOC_0559,35.6,33.4,1,0.0183,62.33,47.8,42.24,34.0,28.03,7.4,29.07,1
DOC_0560,64.94,18.9,4,0.121,42.65,32.52,62.25,49.1,67.74,12.42,70.64,1
DOC_0561,55.21,85.86,1,0.105,68.32,47.6,-1.0,51.84,37.95,4.13,77.5,1
DOC_0562,75.44,74.31,3,0.1618,55.75,12.73,-1.0,49.2,53.82,1.75,67.67,1
DOC_0563,74.46,41.61,2,0.0703,47.76,52.69,64.1,87.63,56.32,26.5,63.88,1
DOC_0564,57.33,53.31,1,0.083,43.9,63.58,22.96,78.38,40.71,2.48,37.4,1
DOC_0565,28.67,28.44,0,0.0327,20.59,13.45,39.41,25.02,34.7,73.63,37.15,1
DOC_0566,35.99,9.67,0,0.0674,38.75,20.42,40.43,15.29,15.36,92.53,24.83,1
DOC_0567,100.0,80.42,2,0.2881,67.08,77.49,-1.0,87.87,60.64,26.63,43.12,1
DOC_0568,68.2,22.95,2,0.0592,23.23,7.7,100.0,23.6,37.96,20.48,29.67,1
DOC_0569,40.46,42.7,1,0.0143,48.98,30.75,17.53,19.28,3.09,13.76,57.61,1
DOC_0570,41.96,35.31,0,0.0275,32.81,26.46,-1.0,14.84,23.14,83.27,33.33,1
DOC_0571,43.39,33.09,1,0.0176,15.66,63.32,52.8,28.58,42.39,4.96,38.04,1
DOC_0572,56.24,51.69,3,0.169,52.21,70.75,-1.0,70.94,56.75,12.73,62.2,1
DOC_0573,55.47,7.31,3,0.0146,48.08,13.24,-1.0,10.39,38.35,0.0,37.56,1
DOC_0574,39.78,24.44,1,0.0078,27.95,7.26,88.3,52.43,39.39,11.35,23.17,1
DOC_0575,83.91,71.65,3,0.3612,100.0,82.91,83.82,76.49,72.26,10.7,85.19,1
DOC_0576,31.56,42.02,1,0.0108,27.7,7.37,-1.0,28.47,10.54,68.15,30.38,1
DOC_0577,53.97,48.16,2,0.0737,55.49,41.1,-1.0,33.86,61.48,18.4,49.7,1
DOC_0578,46.97,29.76,4,0.0358,76.39,58.47,89.15,52.48,71.08,9.59,16.05,1
DOC_0579,69.28,61.27,1,0.0765,51.01,54.59,46.71,52.41,14.0,13.76,48.29,1
DOC_0580,33.9,16.98,1,0.0,25.49,44.71,44.44,21.78,33.8,3.04,28.92,1
DOC_0581,63.62,89.46,2,0.3596,100.0,84.17,65.03,65.99,54.89,20.38,96.99,1
DOC_0582,10.66,16.54,1,0.0235,27.41,17.27,20.77,16.14,25.89,74.75,36.43,1
DOC_0583,65.4,17.28,1,0.0218,16.72,12.71,-1.0,0.0,16.18,77.6,19.83,1
DOC_0584,98.68,95.79,4,0.2209,66.23,89.4,97.2,71.13,67.46,0.0,80.92,1
DOC_0585,52.31,9.69,2,0.0463,21.81,9.32,-1.0,16.6,14.75,93.0,15.66,1
DOC_0586,73.3,69.25,3,0.1913,63.3,93.77,63.24,73.68,65.75,3.1,62.93,1
DOC_0587,57.32,12.56,2,0.0763,33.14,79.03,70.01,25.83,54.42,23.9,74.03,1
DOC_0588,32.45,28.73,0,0.0379,30.38,13.84,54.16,21.91,17.87,4.61,50.07,1
DOC_0589,73.22,24.52,4,0.1023,47.85,67.77,-1.0,29.62,72.25,14.56,48.87,1
DOC_0590,81.83,74.99,3,0.1554,73.3,97.05,55.8,100.0,85.69,11.57,59.32,1
DOC_0591,27.59,20.0,0,0.0744,32.13,29.02,43.86,9.39,11.12,86.54,15.31,1
DOC_0592,79.2,97.71,4,0.1322,73.66,96.36,44.57,68.2,63.24,19.0,43.05,1
DOC_0593,84.63,95.57,3,0.1402,65.29,93.04,66.23,37.21,57.47,15.58,88.09,1
DOC_0594,9.73,36.12,2,0.0574,29.99,15.93,55.26,17.13,39.4,0.0,20.45,1
DOC_0595,36.71,59.22,4,0.0597,44.12,56.57,-1.0,38.12,45.41,24.38,68.66,1
DOC_0596,61.97,24.2,1,0.01,28.52,15.66,-1.0,15.98,36.53,86.45,33.09,1
DOC_0597,47.29,44.64,0,0.0506,8.28,29.34,-1.0,36.17,33.82,8.44,37.65,1
DOC_0598,81.76,68.26,4,0.1619,67.47,85.33,52.0,76.66,56.79,23.49,62.76,1
DOC_0599,69.8,73.94,3,0.2062,95.26,83.65,-1.0,44.81,92.54,33.76,59.91,1
DOC_0600,46.1,52.68,2,0.0379,26.02,23.41,71.28,75.65,36.24,13.68,47.23,1
DOC_0601,90.51,78.31,4,0.1923,74.62,88.42,100.0,78.95,93.49,18.22,76.44,1
DOC_0602,37.72,21.85,3,0.0459,50.87,0.0,-1.0,39.77,34.56,1.79,38.5,1
DOC_0603,81.49,54.46,2,0.2023,59.33,44.36,89.29,46.77,62.99,23.16,65.84,1
DOC_0604,40.48,17.74,0,0.0521,23.85,38.5,6.89,26.32,26.72,10.85,21.07,1
DOC_0605,27.31,47.79,0,0.0,37.64,26.33,38.17,7.91,22.16,11.15,4.33,1
DOC_0606,18.0,22.48,1,0.0584,16.49,0.0,71.9,30.92,23.86,11.24,24.42,1
DOC_0607,59.88,57.73,1,0.1729,40.23,75.62,-1.0,69.33,75.98,14.41,51.02,1
DOC_0608,30.29,15.9,3,0.0517,23.22,12.0,85.87,20.69,21.66,9.5,23.73,1
DOC_0609,89.9,75.26,4,0.2717,100.0,80.82,58.91,58.24,69.43,38.02,67.69,1
DOC_0610,86.32,86.5,5,0.1189,89.62,73.89,-1.0,25.25,81.62,38.54,74.07,1
DOC_0611,11.0,23.0,0,0.0555,16.9,33.16,-1.0,42.32,48.83,32.92,17.37,1
DOC_0612,100.0,48.62,3,0.1278,48.56,58.58,-1.0,75.14,53.97,16.42,63.55,1
DOC_0613,76.73,25.21,2,0.0,66.07,56.68,-1.0,75.95,52.83,1.6,46.26,1
DOC_0614,34.19,34.75,1,0.0785,94.5,80.08,70.36,58.03,65.17,12.88,64.76,1
DOC_0615,52.59,55.04,0,0.0879,52.16,48.02,-1.0,39.6,63.42,28.11,76.08,1
DOC_0616,37.89,78.21,4,0.1415,28.06,53.85,48.97,62.95,79.23,13.25,79.48,1
DOC_0617,25.72,43.89,1,0.0,11.5,25.79,-1.0,6.67,31.34,13.29,16.82,1
DOC_0618,75.94,69.5,2,0.1405,74.46,46.23,-1.0,76.34,92.79,14.59,93.86,1
DOC_0619,29.1,26.67,2,0.0598,21.24,15.46,-1.0,36.36,21.44,6.76,45.86,1
DOC_0620,100.0,87.74,3,0.2347,78.54,94.64,-1.0,69.28,49.98,8.71,64.94,1
DOC_0621,81.13,100.0,2,0.1561,80.66,86.59,67.58,86.14,73.66,34.39,84.71,1
DOC_0622,73.51,100.0,1,0.2895,100.0,77.16,72.83,65.41,84.01,30.78,79.99,1
DOC_0623,83.22,97.98,5,0.2913,75.01,73.99,-1.0,62.34,92.83,10.67,61.64,1
DOC_0624,100.0,91.73,3,0.2804,75.64,79.8,-1.0,20.92,72.08,6.58,72.84,1
DOC_0625,32.0,56.49,1,0.2255,38.35,74.63,78.89,24.05,29.74,14.16,95.57,1
DOC_0626,25.57,29.43,2,0.0248,33.19,26.12,48.98,16.45,17.52,0.0,31.17,1
DOC_0627,69.04,65.87,2,0.2691,70.48,84.25,-1.0,70.75,60.12,19.05,74.11,1
DOC_0628,63.96,91.95,3,0.2416,70.58,100.0,77.99,58.72,62.87,0.0,74.16,1
DOC_0629,56.68,75.45,3,0.1964,62.8,75.59,-1.0,25.74,59.23,0.0,50.19,1
DOC_0630,33.28,24.71,3,0.0432,25.94,24.38,38.51,37.84,39.95,13.48,32.33,1
DOC_0631,6.66,31.82,1,0.0,15.07,26.28,87.5,69.85,25.55,8.41,53.94,1
DOC_0632,27.17,28.33,2,0.0567,53.44,43.77,64.1,48.72,91.45,10.75,52.63,1
DOC_0633,54.76,58.14,4,0.1627,40.86,57.09,63.06,53.81,51.15,0.0,100.0,1
DOC_0634,90.74,68.25,2,0.0906,82.16,75.7,-1.0,67.23,51.86,21.88,81.55,1
DOC_0635,72.08,81.93,4,0.2574,71.47,76.96,-1.0,51.37,76.85,23.55,75.93,1
DOC_0636,75.89,46.46,5,0.0785,100.0,99.46,-1.0,64.16,91.86,9.92,68.52,1
DOC_0637,92.51,83.7,5,0.1823,91.45,98.0,-1.0,68.11,86.89,18.99,71.9,1
DOC_0638,66.06,79.68,3,0.2646,85.59,88.82,-1.0,63.29,70.36,38.98,80.36,1
DOC_0639,47.78,56.16,3,0.2424,57.27,0.0,-1.0,38.27,46.09,10.27,42.2,1
DOC_0640,100.0,97.07,2,0.2698,85.7,74.13,57.33,76.12,86.47,16.46,60.98,1
DOC_0641,23.86,45.76,1,0.0004,37.6,28.54,92.49,48.82,24.24,8.54,70.79,1
DOC_0642,54.05,68.23,1,0.0,56.83,80.87,39.15,68.45,37.23,31.16,37.63,1
DOC_0643,30.55,31.86,2,0.0,24.23,22.2,41.19,64.53,34.12,6.73,15.21,1
DOC_0644,59.44,67.7,4,0.4283,88.42,85.42,-1.0,60.22,98.06,16.11,70.79,1
DOC_0645,1.76,25.65,0,0.0407,30.98,19.71,-1.0,12.68,16.11,64.51,28.78,1
DOC_0646,97.36,69.07,1,0.1716,45.91,35.67,18.25,33.93,72.0,16.52,36.57,1
DOC_0647,25.5,5.13,1,0.0677,20.6,34.67,40.53,37.74,23.77,75.75,35.33,1
DOC_0648,81.26,46.36,2,0.1177,46.54,30.57,-1.0,35.75,100.0,17.42,39.68,1
DOC_0649,71.82,68.84,4,0.1431,54.24,53.42,-1.0,15.82,31.17,33.08,84.55,1
DOC_0650,59.05,84.93,1,0.0843,68.92,72.61,-1.0,54.7,67.82,25.31,61.99,1
DOC_0651,70.36,63.77,5,0.1929,92.57,81.85,75.9,38.15,78.65,14.24,76.42,1
DOC_0652,89.01,95.41,3,0.269,72.98,86.37,99.49,67.15,61.53,12.36,63.7,1
DOC_0653,55.48,45.85,1,0.0677,12.11,26.49,93.59,36.62,43.07,7.28,44.19,1
DOC_0654,39.36,26.19,2,0.0989,52.71,38.17,41.29,69.87,63.12,0.42,57.27,1
DOC_0655,74.81,42.27,1,0.0082,6.96,21.96,-1.0,26.11,28.25,83.94,8.86,1
DOC_0656,57.03,72.44,4,0.124,74.64,70.01,-1.0,10.5,84.9,3.44,100.0,1
DOC_0657,100.0,64.1,2,0.1737,81.54,81.35,-1.0,74.72,78.54,5.98,78.16,1
DOC_0658,25.55,6.51,3,0.0466,15.32,2.65,31.34,33.77,14.87,11.72,27.59,1
DOC_0659,100.0,77.94,3,0.2011,62.26,83.88,59.23,98.62,80.71,19.43,58.02,1
DOC_0660,85.24,78.44,4,0.1491,70.5,70.99,82.98,73.06,83.46,1.78,53.24,1
DOC_0661,37.26,51.8,3,0.1693,49.9,69.66,-1.0,63.69,42.72,0.0,53.63,1
DOC_0662,50.54,47.35,3,0.1192,31.18,95.43,33.74,49.41,74.49,14.58,49.99,1
DOC_0663,63.22,73.4,2,0.0625,14.18,28.85,80.77,54.0,18.35,11.09,29.67,1
DOC_0664,70.15,88.9,4,0.3157,99.44,79.37,39.09,96.43,70.32,4.28,67.72,1
DOC_0665,40.58,20.27,2,0.047,28.07,36.41,-1.0,12.87,41.46,4.93,45.8,1
DOC_0666,25.2,34.83,0,0.01,3.7,38.68,-1.0,36.12,20.65,2.94,9.8,1
DOC_0667,33.76,51.36,2,0.0205,32.48,30.23,58.83,27.98,33.75,7.43,10.93,1
DOC_0668,73.79,79.89,5,0.2512,69.19,77.42,72.09,69.22,90.5,13.65,67.64,1
DOC_0669,36.74,41.64,2,0.1145,63.53,64.88,72.2,50.31,75.93,10.99,67.77,1
DOC_0670,72.85,58.75,4,0.1101,45.22,83.11,32.17,60.03,24.0,7.8,62.4,1
DOC_0671,64.57,76.86,4,0.0647,51.06,46.12,58.25,11.4,62.76,16.74,43.87,1
DOC_0672,10.71,35.56,2,0.0105,0.0,8.72,36.83,11.0,17.91,95.46,8.64,1
DOC_0673,75.97,44.04,0,0.0754,19.14,37.27,72.21,28.88,26.27,13.21,8.43,1
DOC_0674,79.64,62.46,3,0.0247,84.04,19.86,44.16,31.6,65.37,39.64,53.04,1
DOC_0675,39.41,18.17,1,0.0142,37.7,20.6,65.81,9.24,19.49,7.15,50.51,1
DOC_0676,28.59,29.3,2,0.0078,11.65,39.3,-1.0,15.36,34.48,7.74,44.74,1
DOC_0677,34.06,57.08,3,0.035,0.42,0.0,37.59,20.89,23.04,24.72,42.58,1
DOC_0678,37.91,23.42,3,0.0734,11.91,17.73,100.0,36.02,31.52,30.45,17.01,1
DOC_0679,91.56,99.97,5,0.1104,66.24,93.46,91.11,66.99,90.71,14.58,84.63,1
DOC_0680,84.49,85.35,3,0.322,100.0,84.64,-1.0,81.07,78.58,6.79,91.32,1
DOC_0681,52.45,34.06,3,0.041,22.94,26.68,53.12,30.36,24.57,9.72,42.68,1
DOC_0682,100.0,63.2,2,0.3217,76.58,90.48,81.72,46.35,82.93,35.44,81.29,1
DOC_0683,84.46,84.91,3,0.1074,57.53,85.71,58.79,77.66,76.05,23.23,60.79,1
DOC_0684,78.29,82.3,5,0.2294,52.81,64.77,75.6,61.23,72.17,20.93,45.67,1
DOC_0685,63.17,72.36,2,0.1344,59.52,96.72,-1.0,69.97,86.39,38.51,62.29,1
DOC_0686,56.41,50.1,2,0.1785,39.08,68.75,71.88,63.14,48.24,8.44,77.85,1
DOC_0687,50.04,60.29,3,0.0,60.58,80.02,-1.0,50.84,46.81,25.16,58.37,1
DOC_0688,58.84,69.04,3,0.206,49.68,51.51,36.13,45.82,75.56,26.57,51.91,1
DOC_0689,73.18,91.47,3,0.2725,100.0,77.05,58.81,78.19,64.06,0.0,66.07,1
DOC_0690,28.76,28.14,1,0.0538,23.76,28.21,-1.0,39.07,40.25,3.47,13.85,1
DOC_0691,33.96,40.89,1,0.0157,28.78,23.14,-1.0,29.85,35.21,11.15,34.63,1
DOC_0692,59.36,67.34,3,0.1123,58.08,88.22,73.54,56.77,43.32,23.84,30.41,1
DOC_0693,15.02,36.7,0,0.0112,32.31,32.79,-1.0,32.48,25.77,5.63,11.1,1
DOC_0694,67.72,50.88,3,0.0514,26.83,9.86,84.72,49.53,45.18,8.63,14.59,1
DOC_0695,18.66,57.94,1,0.027,18.72,26.49,44.65,44.54,18.25,21.14,26.06,1
DOC_0696,17.37,35.49,2,0.0309,8.87,36.7,43.64,12.82,16.84,9.38,31.23,1
DOC_0697,12.48,27.71,2,0.0,22.8,35.77,34.26,30.62,29.63,7.69,39.47,1
DOC_0698,58.23,38.14,1,0.0219,13.09,8.52,100.0,42.96,33.65,3.54,47.35,1
DOC_0699,56.13,58.86,1,0.1179,42.34,42.92,40.4,62.17,67.32,6.2,40.23,1
DOC_0700,54.43,60.08,4,0.0657,24.79,71.15,-1.0,82.3,62.07,4.12,52.77,1
DOC_0701,14.58,41.0,1,0.0344,8.64,29.25,-1.0,24.27,14.16,15.02,29.32,1
DOC_0702,29.18,75.61,1,0.0539,32.86,4.45,92.31,26.42,7.74,5.99,45.72,1
DOC_0703,7.8,35.64,0,0.0144,34.61,6.37,-1.0,14.66,29.06,74.72,22.0,1
DOC_0704,78.4,92.16,1,0.2734,59.46,78.37,-1.0,70.05,77.21,32.28,78.67,1
DOC_0705,100.0,74.97,3,0.2854,67.04,85.07,-1.0,79.05,65.08,26.08,70.19,1
DOC_0706,84.15,48.99,2,0.0693,46.17,84.39,49.99,31.8,72.51,8.93,54.56,1
DOC_0707,26.44,31.65,0,0.0533,50.24,15.78,58.02,10.62,40.19,0.74,32.09,1
DOC_0708,74.3,52.72,2,0.1283,74.37,65.47,34.63,34.99,50.47,7.69,52.44,1
DOC_0709,55.08,39.3,2,0.0983,66.65,63.02,86.95,74.88,57.08,7.19,50.26,1
DOC_0710,65.36,78.66,4,0.2177,82.74,82.33,92.2,57.64,87.56,2.96,75.43,1
DOC_0711,18.47,0.0,2,0.0261,40.56,29.07,-1.0,26.04,25.58,8.63,17.49,1
DOC_0712,35.13,28.04,3,0.0263,26.39,6.21,65.03,11.62,34.02,24.01,21.92,1
DOC_0713,51.61,24.11,2,0.0777,19.75,2.83,100.0,65.82,48.51,9.31,20.68,1
DOC_0714,40.95,24.69,3,0.1526,55.55,49.12,28.04,88.64,90.86,13.69,44.6,1
DOC_0715,69.16,48.74,3,0.1434,23.5,52.69,-1.0,53.93,46.0,11.59,73.4,1
DOC_0716,90.8,96.54,3,0.2547,69.08,86.38,-1.0,90.99,79.89,36.48,79.56,1
DOC_0717,94.75,76.12,5,0.4262,80.09,90.34,-1.0,66.75,93.28,0.0,52.09,1
DOC_0718,68.91,55.25,2,0.16,65.57,75.33,86.9,56.39,59.93,0.0,45.43,1
DOC_0719,54.91,73.91,3,0.0533,55.83,46.81,-1.0,47.54,46.36,9.84,62.5,1
DOC_0720,89.9,82.79,4,0.2166,78.4,86.44,67.79,88.97,90.68,12.59,70.57,1
DOC_0721,90.05,92.82,3,0.1968,86.49,89.02,66.19,51.52,74.62,24.31,55.88,1
DOC_0722,62.68,36.34,3,0.0356,40.4,14.78,99.69,47.1,27.26,6.13,28.2,1
DOC_0723,25.01,40.78,0,0.0,26.7,17.11,-1.0,25.23,18.62,81.05,29.85,1
DOC_0724,52.52,68.15,2,0.2022,78.63,20.2,49.75,47.36,77.94,5.61,71.67,1
DOC_0725,40.57,30.75,1,0.0816,3.88,24.97,96.87,13.23,18.91,21.71,45.99,1
DOC_0726,35.12,60.03,2,0.0653,36.82,17.06,82.52,24.48,17.62,17.33,72.23,1
DOC_0727,21.33,25.47,0,0.0,28.27,23.37,-1.0,13.27,40.37,0.0,42.61,1
DOC_0728,99.62,84.58,5,0.1529,63.45,89.82,71.02,53.31,73.84,8.59,66.22,1
DOC_0729,87.75,81.74,5,0.3264,57.89,73.93,-1.0,57.09,71.67,7.34,83.79,1
DOC_0730,19.23,26.91,3,0.0854,24.48,0.89,-1.0,17.24,30.44,12.47,21.84,1
DOC_0731,47.41,37.05,2,0.2172,49.06,83.93,81.01,33.79,33.74,0.0,44.5,1
DOC_0732,29.05,17.89,3,0.0131,37.83,26.37,0.0,47.29,27.11,11.3,16.5,1
DOC_0733,38.22,18.62,2,0.0272,17.48,23.56,77.37,41.32,40.16,16.27,11.47,1
DOC_0734,93.94,91.25,4,0.0875,100.0,92.99,-1.0,84.17,72.79,16.7,50.49,1
DOC_0735,53.44,37.05,1,0.0288,32.68,65.44,-1.0,43.92,47.69,15.97,25.93,1
DOC_0736,10.65,37.07,2,0.0401,24.81,14.6,80.58,17.11,36.46,14.08,27.38,1
DOC_0737,80.26,51.18,3,0.1139,69.24,63.09,42.31,52.56,52.09,18.31,68.5,1
DOC_0738,89.31,76.02,5,0.2505,96.55,82.87,-1.0,77.91,84.47,14.05,76.33,1
DOC_0739,80.78,80.45,4,0.0109,39.97,77.95,65.72,46.18,79.04,24.75,61.65,1
DOC_0740,33.91,54.1,1,0.0924,48.87,68.51,-1.0,44.8,57.83,14.98,35.79,1
DOC_0741,12.89,17.93,0,0.0363,37.03,44.24,28.2,22.56,44.17,8.26,29.56,1
DOC_0742,37.55,36.42,0,0.0268,26.3,14.94,31.31,25.15,16.07,58.95,22.93,1
DOC_0743,67.98,87.5,0,0.0879,38.26,68.51,-1.0,51.37,38.67,20.59,47.72,1
DOC_0744,13.31,19.5,1,0.0477,35.23,29.49,59.76,34.43,26.28,2.18,21.43,1
DOC_0745,26.34,91.48,4,0.0939,48.92,54.09,-1.0,79.77,29.44,16.14,53.05,1
DOC_0746,58.23,40.44,1,0.0292,20.78,22.11,86.53,31.39,19.53,0.0,47.47,1
DOC_0747,42.79,20.63,2,0.0124,30.88,16.26,42.48,16.73,17.93,79.93,40.37,1
DOC_0748,56.02,68.38,4,0.1329,55.35,58.46,62.66,44.7,63.77,8.45,58.43,1
DOC_0749,52.31,61.63,0,0.196,26.25,49.04,56.3,21.92,92.62,15.25,19.66,1
DOC_0750,77.15,41.48,2,0.1172,72.7,69.34,50.17,61.4,32.69,25.02,47.55,1
DOC_0751,85.52,48.61,0,0.1226,55.28,53.08,-1.0,73.18,31.03,23.05,69.92,1
DOC_0752,67.04,42.66,1,0.0553,13.7,44.18,97.91,33.18,38.73,8.77,50.44,1
DOC_0753,19.74,36.64,1,0.1037,64.09,56.72,62.46,85.26,76.43,12.99,47.72,1
DOC_0754,74.47,90.68,3,0.0073,61.94,50.97,50.85,30.6,62.95,16.76,52.26,1
DOC_0755,57.95,60.48,1,0.0307,37.58,27.42,94.06,25.64,9.31,11.83,37.74,1
DOC_0756,16.5,44.85,2,0.0582,26.24,32.06,-1.0,50.92,12.92,8.53,34.72,1
DOC_0757,94.48,41.79,1,0.0755,50.63,54.93,43.54,36.7,59.16,18.08,74.28,1
DOC_0758,59.47,59.48,1,0.2394,49.91,53.98,-1.0,31.57,54.29,24.33,85.28,1
DOC_0759,79.79,71.4,2,0.3373,61.09,66.67,-1.0,83.1,78.45,21.35,94.23,1
DOC_0760,36.14,29.9,4,0.1851,74.18,61.65,49.87,46.42,45.09,16.24,72.48,1
DOC_0761,19.29,29.94,2,0.0471,49.34,0.0,50.69,3.7,35.55,20.92,26.85,1
DOC_0762,21.97,20.52,2,0.0505,18.93,28.35,-1.0,2.09,38.03,14.7,11.17,1
DOC_0763,31.11,32.07,3,0.0127,56.56,48.05,-1.0,17.42,23.34,21.97,28.91,1
DOC_0764,56.84,77.78,2,0.0839,82.49,84.64,-1.0,65.93,53.37,15.04,81.91,1
DOC_0765,55.41,51.04,4,0.1774,66.83,63.09,85.33,22.11,70.44,28.5,99.31,1
DOC_0766,68.23,34.65,0,0.0322,41.29,20.64,84.17,21.13,33.23,13.5,43.83,1
DOC_0767,41.56,26.18,3,0.209,71.61,55.72,14.17,44.84,30.08,24.88,41.04,1
DOC_0768,18.64,45.89,0,0.0294,24.94,25.96,41.4,29.82,22.38,30.24,26.81,1
DOC_0769,79.23,70.44,5,0.0796,90.12,89.47,-1.0,76.81,74.09,23.42,60.67,1
DOC_0770,69.93,56.89,1,0.0839,12.28,17.27,74.05,34.02,35.38,1.44,43.79,1
DOC_0771,35.67,41.15,0,0.0321,28.34,14.99,-1.0,41.53,26.03,13.4,16.95,1
DOC_0772,68.14,64.6,4,0.3286,76.28,86.19,-1.0,76.36,58.72,13.65,80.74,1
DOC_0773,87.14,56.07,3,0.2658,85.81,80.82,54.65,85.69,53.83,19.31,64.43,1
DOC_0774,62.51,49.67,2,0.1564,48.07,57.97,-1.0,60.65,50.48,17.31,87.68,1
DOC_0775,53.26,66.42,2,0.0,60.54,37.2,54.18,62.19,53.92,23.65,34.62,1
DOC_0776,84.07,85.59,5,0.1834,90.86,70.9,76.85,79.36,62.27,0.0,82.94,1
DOC_0777,40.71,47.35,3,0.0554,14.53,14.91,100.0,34.23,34.5,11.08,20.25,1
DOC_0778,59.94,49.55,1,0.0038,33.44,2.93,91.99,34.66,37.35,3.9,29.97,1
DOC_0779,68.62,45.82,3,0.102,59.29,61.83,58.03,65.14,48.32,9.27,71.38,1
DOC_0780,76.93,73.52,3,0.085,70.79,87.23,62.2,57.17,87.76,10.25,62.19,1
DOC_0781,37.33,14.78,1,0.0405,36.02,8.01,13.0,6.35,13.9,61.02,17.2,1
DOC_0782,51.6,64.07,0,0.0603,66.97,49.77,-1.0,62.65,65.25,8.83,35.18,1
DOC_0783,46.67,35.45,2,0.0406,12.98,25.39,41.4,19.16,35.86,21.67,31.14,1
DOC_0784,39.1,10.12,4,0.2238,34.23,42.25,-1.0,48.79,55.6,9.87,45.68,1
DOC_0785,76.54,81.88,3,0.2405,64.57,94.52,-1.0,77.41,72.55,10.92,60.5,1
DOC_0786,38.36,17.85,1,0.0387,26.44,6.83,-1.0,29.0,35.8,100.0,28.33,1
DOC_0787,58.79,46.66,2,0.0285,35.55,29.85,90.9,54.74,23.53,10.5,39.43,1
DOC_0788,69.64,82.72,5,0.2153,78.56,84.42,-1.0,68.7,66.71,9.66,68.72,1
DOC_0789,69.01,64.86,1,0.0601,45.2,70.05,64.43,29.27,20.6,9.33,87.43,1
DOC_0790,90.35,87.96,1,0.0,23.3,78.8,50.64,67.62,59.09,6.1,37.71,1
DOC_0791,49.07,52.46,0,0.0913,35.15,14.41,78.08,24.61,14.72,13.18,50.21,1
DOC_0792,56.86,85.96,0,0.1138,44.35,45.4,70.63,45.51,77.9,9.21,81.77,1
DOC_0793,51.69,37.02,2,0.0,0.88,13.54,25.93,16.1,27.52,71.18,16.54,1
DOC_0794,7.99,23.36,0,0.0487,24.3,24.62,8.02,11.04,39.92,90.02,20.43,1
DOC_0795,72.7,93.45,2,0.1722,79.33,93.97,-1.0,79.73,85.74,26.25,59.18,1
DOC_0796,20.76,52.42,0,0.0465,28.58,11.12,51.17,46.64,7.99,10.89,54.31,1
DOC_0797,67.47,70.05,3,0.1247,51.92,32.73,56.5,39.38,62.79,13.57,58.05,1
DOC_0798,41.73,63.2,1,0.0409,22.24,29.42,100.0,36.85,27.4,9.93,39.87,1
DOC_0799,44.75,57.16,4,0.1265,65.06,64.19,-1.0,39.92,35.27,3.96,62.8,1
DOC_0800,31.66,7.82,0,0.0349,23.88,26.0,56.46,4.35,19.48,74.68,29.34,1
DOC_0801,61.45,48.65,1,0.0926,54.74,56.72,-1.0,69.78,63.27,24.18,49.41,1
DOC_0802,47.49,35.59,1,0.036,85.67,82.01,68.72,62.78,58.16,5.32,30.13,1
DOC_0803,70.32,82.11,1,0.0748,19.84,40.11,52.39,49.95,83.78,21.73,60.49,1
DOC_0804,38.6,33.25,1,0.0491,30.01,5.5,78.66,42.34,23.44,11.18,46.11,1
DOC_0805,90.59,51.01,2,0.0697,57.43,55.5,60.22,42.42,66.85,12.85,18.55,1
DOC_0806,62.94,88.66,4,0.1976,76.47,86.73,-1.0,50.91,76.29,24.46,74.32,1
DOC_0807,67.74,42.4,0,0.0587,51.62,43.16,-1.0,21.51,42.39,21.26,59.21,1
DOC_0808,37.89,47.69,1,0.1236,73.89,41.29,-1.0,55.08,53.46,0.0,56.68,1
DOC_0809,73.74,50.81,2,0.0442,46.04,68.04,79.82,40.15,34.81,15.25,65.35,1
DOC_0810,66.52,10.57,3,0.0481,47.79,88.32,74.38,46.66,70.83,35.0,36.02,1
DOC_0811,66.89,90.75,1,0.1542,65.9,49.93,-1.0,47.62,43.63,17.42,53.19,1
DOC_0812,68.29,75.54,2,0.0598,51.75,77.24,57.68,78.19,88.85,20.47,65.77,1
DOC_0813,83.57,91.63,5,0.22,92.36,97.16,-1.0,84.39,74.27,14.4,52.35,1
DOC_0814,26.69,41.41,1,0.0479,0.0,38.25,52.42,25.7,41.98,19.97,12.16,1
DOC_0815,65.36,86.06,0,0.078,42.89,75.29,-1.0,37.29,71.03,17.84,20.16,1
DOC_0816,86.09,76.98,2,0.3129,75.78,66.94,-1.0,63.45,84.59,13.79,51.03,1
DOC_0817,37.16,51.81,0,0.046,28.09,17.3,61.89,20.19,27.82,3.52,38.17,1
DOC_0818,71.11,80.31,5,0.2749,74.85,77.64,71.51,55.96,74.49,15.4,59.81,1
DOC_0819,29.91,37.1,3,0.0215,26.25,22.22,-1.0,27.17,10.59,20.7,40.74,1
DOC_0820,40.02,37.61,1,0.0369,27.13,36.51,46.67,30.48,49.24,5.63,22.71,1
DOC_0821,22.23,15.16,0,0.0024,19.91,19.03,30.12,38.52,11.48,74.73,37.33,1
DOC_0822,64.92,57.42,3,0.2233,40.56,63.82,35.07,66.18,55.61,9.65,56.67,1
DOC_0823,8.89,40.58,0,0.0187,39.35,16.16,-1.0,23.24,28.59,22.92,50.85,1
DOC_0824,47.47,29.46,1,0.0407,18.69,19.82,11.34,29.51,24.55,89.86,29.47,1
DOC_0825,44.39,43.11,0,0.1069,24.2,24.4,87.33,22.67,49.48,7.78,21.09,1
DOC_0826,50.79,18.97,1,0.0525,45.82,71.85,75.2,66.06,51.12,16.41,27.55,1
DOC_0827,80.39,69.67,4,0.0554,81.22,87.69,-1.0,62.58,75.71,18.87,61.77,1
DOC_0828,61.92,32.63,3,0.1464,38.82,66.76,-1.0,38.06,50.97,18.31,44.82,1
DOC_0829,60.29,65.36,3,0.0626,69.97,40.1,-1.0,48.91,52.36,38.49,72.1,1
DOC_0830,21.17,29.2,0,0.0174,15.31,20.62,11.2,0.0,32.17,91.08,21.41,1
DOC_0831,45.76,17.69,1,0.0,13.91,9.0,-1.0,17.37,19.21,92.38,25.14,1
DOC_0832,51.25,73.81,0,0.2118,87.84,25.42,-1.0,52.06,51.5,27.72,58.91,1
DOC_0833,71.68,55.17,3,0.0974,59.26,66.83,-1.0,51.28,45.96,26.06,32.5,1
DOC_0834,51.24,73.5,2,0.1015,70.78,52.34,31.99,46.27,45.25,14.13,44.5,1
DOC_0835,33.84,34.76,0,0.0511,41.22,9.88,-1.0,17.62,57.59,6.56,53.49,1
DOC_0836,37.73,37.19,1,0.0833,51.88,55.28,-1.0,37.25,75.85,27.24,72.09,1
DOC_0837,34.29,33.3,0,0.0265,30.71,12.38,31.76,12.07,39.83,25.21,35.51,1
DOC_0838,95.28,77.05,4,0.2336,70.64,85.33,49.05,64.36,87.47,8.14,61.17,1
DOC_0839,41.87,56.53,2,0.0584,76.79,60.6,-1.0,74.45,57.44,30.41,79.01,1
DOC_0840,57.44,43.12,3,0.0,27.52,5.88,86.27,35.02,57.36,11.52,36.82,1
DOC_0841,74.08,54.05,2,0.0423,76.36,35.04,96.11,51.82,43.25,4.76,33.36,1
DOC_0842,29.24,4.42,3,0.0608,20.63,18.78,-1.0,36.5,20.61,9.34,27.23,1
DOC_0843,36.07,57.81,1,0.0021,30.58,24.83,0.0,31.27,21.27,1.69,17.84,1
DOC_0844,12.0,12.84,0,0.0402,3.83,20.74,30.21,29.75,19.22,68.63,47.11,1
DOC_0845,48.58,29.83,2,0.0458,29.88,13.2,-1.0,26.88,4.17,83.58,13.46,1
DOC_0846,17.93,19.38,2,0.0,55.62,13.13,-1.0,30.73,6.76,76.68,26.33,1
DOC_0847,45.09,53.61,4,0.1302,64.0,67.99,73.92,41.51,75.29,7.59,70.41,1
DOC_0848,46.43,49.31,4,0.121,26.34,67.39,-1.0,61.04,62.09,0.0,35.9,1
DOC_0849,31.99,34.8,2,0.0375,24.32,39.38,4.21,30.67,18.7,17.14,33.05,1
DOC_0850,24.46,14.94,2,0.056,18.0,35.17,78.21,18.48,33.16,0.55,27.24,1
DOC_0851,12.84,34.82,0,0.0108,21.66,20.74,-1.0,22.1,27.69,79.51,23.18,1
DOC_0852,82.19,82.95,4,0.191,59.67,79.81,-1.0,94.39,67.67,24.53,69.35,1
DOC_0853,79.08,70.82,4,0.2738,63.86,96.04,-1.0,65.88,100.0,1.86,100.0,1
DOC_0854,26.48,35.12,1,0.0005,20.86,37.23,45.56,28.61,4.94,0.0,9.04,1
DOC_0855,39.03,13.92,1,0.0863,19.93,15.87,96.72,51.03,28.94,17.48,21.85,1
DOC_0856,67.05,74.23,3,0.0414,17.08,38.27,89.67,44.46,22.92,2.07,31.99,1
DOC_0857,24.36,34.68,1,0.0263,20.24,38.1,84.32,6.44,21.44,14.87,29.17,1
DOC_0858,56.83,56.3,0,0.1128,67.98,83.91,-1.0,61.1,54.65,5.92,63.12,1
DOC_0859,78.33,75.45,4,0.1852,60.26,59.09,55.37,66.07,54.26,14.13,71.91,1
DOC_0860,23.74,17.65,2,0.0218,7.63,35.66,-1.0,23.61,12.64,6.18,34.23,1
DOC_0861,30.39,27.42,0,0.0,20.08,21.25,-1.0,17.22,0.0,93.06,37.52,1
DOC_0862,65.31,66.37,2,0.2034,70.93,11.7,86.42,88.18,69.45,29.95,68.86,1
DOC_0863,31.67,62.93,2,0.0,23.7,28.68,-1.0,8.7,20.57,14.97,10.03,1
DOC_0864,40.23,71.17,3,0.0,20.54,18.89,83.03,35.82,35.3,18.82,33.83,1
DOC_0865,59.15,74.21,5,0.2358,80.41,96.76,-1.0,72.35,74.61,27.31,62.75,1
DOC_0866,21.1,31.83,2,0.0386,12.87,12.31,-1.0,25.15,28.42,9.97,53.88,1
DOC_0867,42.15,53.84,2,0.0866,77.3,66.54,-1.0,42.05,44.28,29.36,60.12,1
DOC_0868,49.02,50.48,2,0.0615,67.53,51.72,-1.0,28.97,34.76,6.71,65.65,1
DOC_0869,77.43,77.51,4,0.1634,81.22,93.62,-1.0,64.93,68.59,9.86,61.22,1
DOC_0870,63.12,31.32,2,0.0826,63.39,54.95,57.59,51.1,81.49,16.78,40.7,1
DOC_0871,46.62,65.71,2,0.144,66.63,64.29,61.86,77.54,19.91,21.67,72.71,1
DOC_0872,11.94,19.6,1,0.0445,14.51,26.41,35.09,13.95,15.86,20.53,39.05,1
DOC_0873,82.99,85.68,5,0.3341,76.48,79.28,-1.0,57.84,68.76,8.73,64.53,1
DOC_0874,63.83,86.58,3,0.3935,76.01,81.34,-1.0,66.88,78.81,3.64,79.7,1
DOC_0875,23.0,27.78,0,0.0,13.19,22.12,20.64,34.25,6.38,98.31,22.4,1
DOC_0876,28.42,16.79,1,0.0249,11.45,28.78,27.22,10.01,27.23,11.98,15.02,1
DOC_0877,90.24,75.22,2,0.2255,90.75,65.28,-1.0,78.32,69.14,27.18,88.94,1
DOC_0878,34.68,53.9,2,0.0945,23.48,34.4,74.24,31.38,41.32,12.22,26.69,1
DOC_0879,97.72,65.94,5,0.0,62.81,74.52,-1.0,71.58,82.23,28.93,82.58,1
DOC_0880,50.04,69.64,4,0.2198,63.89,44.51,62.47,45.62,45.18,19.47,76.29,1
DOC_0881,82.7,94.97,3,0.1875,84.45,91.44,74.93,79.51,82.69,20.87,74.24,1
DOC_0882,66.8,77.53,1,0.1724,72.93,68.88,-1.0,41.72,89.8,18.51,74.94,1
DOC_0883,88.67,68.21,4,0.3068,75.46,77.33,-1.0,57.96,63.63,29.05,37.33,1
DOC_0884,28.14,30.7,0,0.0,37.7,23.55,5.77,3.57,21.0,96.62,27.64,1
DOC_0885,47.63,45.37,0,0.0,37.89,11.46,78.15,33.29,35.2,13.31,26.86,1
DOC_0886,21.93,16.14,3,0.0461,25.94,0.0,40.97,21.76,52.05,21.55,6.59,1
DOC_0887,86.65,80.01,4,0.2032,82.22,74.51,-1.0,59.42,85.41,6.19,63.28,1
DOC_0888,29.38,73.13,3,0.0993,41.9,60.52,-1.0,78.54,62.35,8.02,25.86,1
DOC_0889,40.16,56.32,0,0.1326,39.48,50.53,-1.0,30.81,83.12,23.89,86.15,1
DOC_0890,66.64,47.26,2,0.0888,75.37,60.26,67.52,60.84,60.94,14.38,57.94,1
DOC_0891,20.83,40.63,1,0.0199,13.19,38.65,-1.0,32.14,3.5,14.18,22.4,1
DOC_0892,54.92,30.89,3,0.1452,56.85,38.32,24.79,71.67,72.47,19.13,55.98,1
DOC_0893,89.89,83.77,4,0.1476,90.18,92.03,-1.0,44.36,79.53,21.63,88.28,1
DOC_0894,37.71,11.88,0,0.0,5.84,18.6,-1.0,4.75,33.46,92.22,33.98,1
DOC_0895,73.67,84.11,4,0.0982,54.58,100.0,-1.0,61.96,71.63,24.56,97.28,1
DOC_0896,79.2,37.5,2,0.1784,6.43,82.67,-1.0,50.06,52.97,23.94,61.02,1
DOC_0897,39.03,49.15,3,0.1714,60.85,64.3,-1.0,0.0,46.91,22.64,47.97,1
DOC_0898,76.41,67.5,4,0.1906,87.19,74.47,-1.0,63.79,65.38,14.54,83.9,1
DOC_0899,27.39,86.99,2,0.0401,85.71,59.72,45.02,60.1,44.39,19.87,85.19,1
DOC_0900,73.93,53.53,3,0.1398,63.92,50.06,96.03,63.55,48.1,5.77,50.15,1
DOC_0901,43.78,17.08,2,0.049,29.4,53.22,100.0,54.26,64.24,4.44,47.84,1
DOC_0902,59.21,23.16,1,0.1198,58.06,56.55,78.48,43.87,82.6,14.35,75.93,1
DOC_0903,51.79,48.57,3,0.0564,24.84,36.85,85.42,54.25,28.76,5.12,48.19,1
DOC_0904,24.34,40.69,1,0.0056,23.95,10.38,-1.0,23.42,9.59,12.53,49.13,1
DOC_0905,85.37,89.71,4,0.1727,100.0,77.45,75.0,57.22,84.97,25.08,82.86,1
DOC_0906,88.23,55.2,1,0.0704,59.81,58.38,33.99,46.45,48.76,8.55,41.87,1
DOC_0907,21.72,12.88,2,0.0595,23.37,16.15,-1.0,38.13,48.01,0.0,12.78,1
DOC_0908,18.36,25.42,0,0.0142,13.19,25.03,52.11,15.33,0.0,2.06,22.31,1
DOC_0909,79.04,66.44,2,0.1471,73.99,64.8,-1.0,65.7,61.87,27.07,77.68,1
DOC_0910,27.16,20.84,3,0.0383,32.33,36.01,57.88,29.52,36.96,11.07,39.46,1
DOC_0911,45.25,46.75,3,0.1335,62.7,39.08,-1.0,56.13,41.96,48.78,64.28,1
DOC_0912,43.75,34.27,0,0.0545,43.59,36.72,92.51,61.54,5.81,15.7,56.83,1
DOC_0913,66.76,31.01,3,0.1541,78.76,60.85,69.31,47.65,40.4,22.58,72.75,1
DOC_0914,28.68,24.19,0,0.0255,37.09,18.56,76.37,8.66,12.2,1.12,26.69,1
DOC_0915,22.38,46.34,1,0.0298,41.66,31.02,43.13,22.76,10.67,9.36,34.16,1
DOC_0916,39.05,46.02,1,0.1611,68.12,69.68,52.95,57.5,50.97,11.95,73.19,1
DOC_0917,38.31,32.7,3,0.0133,18.33,25.42,-1.0,15.27,24.2,6.08,28.59,1
DOC_0918,22.56,39.34,1,0.0376,36.0,14.75,72.41,0.08,17.5,22.95,25.55,1
DOC_0919,21.81,32.37,1,0.024,39.78,26.21,54.2,19.22,29.1,5.66,10.71,1
DOC_0920,27.76,13.95,1,0.0284,35.89,20.78,48.95,10.75,5.86,18.62,23.57,1
DOC_0921,43.92,0.0,3,0.0296,18.01,17.47,50.55,30.33,21.51,0.45,13.09,1
DOC_0922,16.62,32.56,0,0.0,9.61,42.41,45.97,4.88,30.52,82.19,20.0,1
DOC_0923,22.56,41.16,1,0.0958,26.02,20.09,44.27,23.38,17.38,8.49,47.77,1
DOC_0924,49.19,47.63,1,0.0851,27.29,6.66,75.74,35.23,34.04,9.0,30.8,1
DOC_0925,20.89,31.67,1,0.0583,22.26,28.21,-1.0,26.72,41.57,20.1,29.19,1
DOC_0926,50.39,43.05,0,0.1641,43.71,66.45,67.19,85.53,57.24,25.99,48.67,1
DOC_0927,76.96,74.11,2,0.0908,63.96,80.89,47.94,46.42,69.13,23.44,49.89,1
DOC_0928,79.06,2.64,2,0.1635,35.55,49.86,68.3,30.07,62.13,8.7,26.73,1
DOC_0929,39.66,51.53,1,0.0451,38.97,39.34,-1.0,27.3,36.96,11.49,48.15,1
DOC_0930,84.68,62.19,3,0.2013,100.0,86.9,85.86,74.45,81.12,22.23,43.81,1
DOC_0931,59.89,34.91,1,0.2313,67.54,59.48,13.68,55.33,50.54,20.7,42.83,1
DOC_0932,39.92,28.46,1,0.0341,24.14,18.34,21.76,22.43,31.54,6.51,36.5,1
DOC_0933,88.66,93.0,2,0.1603,73.19,69.51,64.6,100.0,92.14,18.13,84.14,1
DOC_0934,62.36,100.0,3,0.2099,70.64,82.73,-1.0,51.4,75.42,12.56,56.91,1
DOC_0935,45.13,59.06,2,0.1284,53.07,64.03,78.0,60.6,38.49,11.33,55.57,1
DOC_0936,39.41,55.55,3,0.0883,30.7,10.45,86.19,12.92,2.58,4.41,39.84,1
DOC_0937,60.01,29.59,2,0.1996,50.71,98.82,64.63,53.06,47.84,22.19,52.12,1
DOC_0938,35.57,10.53,3,0.0953,0.0,28.12,95.18,52.2,29.22,13.66,52.79,1
DOC_0939,57.37,24.39,1,0.0027,22.96,17.19,-1.0,32.66,30.93,84.27,20.51,1
DOC_0940,71.42,72.91,3,0.0793,83.81,87.09,86.55,66.54,50.43,1.87,72.11,1
DOC_0941,15.12,53.26,0,0.0,25.35,10.69,-1.0,37.52,20.78,92.19,30.07,1
DOC_0942,75.82,4.6,3,0.214,46.05,28.72,30.02,42.94,36.76,8.7,32.81,1
DOC_0943,41.43,10.53,1,0.0085,36.65,18.26,-1.0,23.14,27.5,68.9,31.22,1
DOC_0944,41.52,30.62,1,0.0464,51.94,18.12,57.59,28.45,17.18,3.23,54.42,1
DOC_0945,54.58,36.94,1,0.0016,34.9,73.64,71.35,43.0,64.58,4.7,99.02,1
DOC_0946,93.24,77.69,3,0.2387,84.41,73.03,70.94,49.62,75.89,17.82,70.36,1
DOC_0947,43.26,40.26,0,0.0698,15.14,19.5,100.0,27.21,30.09,11.15,35.18,1
DOC_0948,100.0,83.67,4,0.1459,74.86,76.01,90.53,93.74,75.31,28.06,100.0,1
DOC_0949,47.88,40.55,1,0.0444,13.54,22.09,77.17,6.12,38.73,16.63,45.01,1
DOC_0950,54.54,20.02,0,0.0137,18.98,9.03,28.1,17.2,13.88,55.97,20.59,1
DOC_0951,14.36,35.24,2,0.0488,3.87,31.18,48.63,5.39,44.06,22.61,30.26,1
DOC_0952,66.17,33.72,1,0.0224,5.12,4.38,87.65,60.06,56.46,17.2,23.28,1
DOC_0953,31.0,55.14,1,0.0415,44.81,29.75,95.04,48.35,35.05,12.96,47.93,1
DOC_0954,26.81,11.03,1,0.0,27.94,19.33,-1.0,34.81,19.98,68.18,26.23,1
DOC_0955,49.19,43.9,1,0.1204,100.0,77.6,56.3,85.75,56.88,20.98,37.44,1
DOC_0956,37.22,24.63,0,0.0241,30.81,19.69,55.97,0.0,23.44,13.75,32.13,1
DOC_0957,96.79,85.25,3,0.3076,77.0,91.81,-1.0,74.32,59.79,24.23,94.92,1
DOC_0958,55.23,34.68,2,0.1757,55.79,58.91,58.81,82.16,51.51,19.08,39.5,1
DOC_0959,52.3,27.55,0,0.0883,52.23,43.92,63.93,46.03,56.45,15.41,68.7,1
DOC_0960,26.55,27.1,0,0.0623,13.75,0.0,-1.0,19.35,23.03,7.35,33.91,1
DOC_0961,7.48,46.52,0,0.0169,57.69,42.63,8.61,30.52,4.31,4.48,29.26,1
DOC_0962,62.06,31.33,4,0.2139,29.0,66.78,47.86,62.34,46.05,22.15,60.56,1
DOC_0963,37.01,20.66,1,0.0203,15.49,5.74,-1.0,13.08,41.77,73.21,34.07,1
DOC_0964,38.99,45.92,0,0.0217,14.89,28.84,96.64,60.49,21.62,14.74,28.29,1
DOC_0965,82.24,62.24,4,0.2662,60.59,73.75,-1.0,29.92,94.49,0.0,71.1,1
DOC_0966,86.25,64.24,4,0.1533,90.79,82.18,-1.0,71.11,48.21,23.22,63.38,1
DOC_0967,78.53,80.1,4,0.2508,45.51,84.63,50.25,65.14,68.72,9.97,60.51,1
DOC_0968,52.38,22.7,2,0.0241,5.07,21.57,-1.0,17.47,6.1,93.65,20.64,1
DOC_0969,49.67,61.75,0,0.1146,70.23,100.0,88.82,47.94,48.71,25.27,50.28,1
DOC_0970,61.47,34.93,3,0.0635,11.83,21.13,96.38,33.49,18.64,21.4,9.82,1
DOC_0971,78.07,79.5,5,0.0947,100.0,87.14,-1.0,58.3,85.85,18.19,64.7,1
DOC_0972,89.42,71.27,4,0.2598,71.65,95.86,89.44,51.09,100.0,3.96,85.29,1
DOC_0973,41.47,13.91,0,0.0,37.18,11.28,-1.0,35.35,9.3,81.92,23.99,1
DOC_0974,43.43,54.15,1,0.076,38.82,25.91,93.88,42.74,40.43,3.26,56.01,1
DOC_0975,61.35,57.69,1,0.0277,81.52,59.8,-1.0,79.78,33.66,16.75,42.1,1
DOC_0976,44.38,64.01,0,0.1308,50.61,67.94,84.69,47.65,61.26,35.36,68.56,1
DOC_0977,73.62,79.78,5,0.3541,86.71,94.59,-1.0,64.6,49.78,20.15,65.82,1
DOC_0978,20.94,31.45,0,0.0737,32.25,36.83,67.8,43.82,14.27,11.94,33.32,1
DOC_0979,68.59,59.11,2,0.1413,78.68,57.33,-1.0,49.3,75.02,19.64,33.98,1
DOC_0980,55.75,91.32,0,0.1683,63.09,72.8,-1.0,46.08,67.95,16.7,63.68,1
DOC_0981,72.89,70.14,3,0.1763,88.23,62.84,56.56,97.4,78.39,7.57,77.17,1
DOC_0982,29.26,33.21,2,0.0369,11.21,8.23,-1.0,21.67,36.03,73.77,32.01,1
DOC_0983,94.88,89.78,2,0.1855,48.08,68.28,55.3,78.5,60.7,19.06,81.91,1
DOC_0984,47.45,58.07,4,0.1581,32.08,60.95,63.38,39.57,53.45,14.24,56.45,1
DOC_0985,58.29,37.19,1,0.0216,0.0,16.81,-1.0,5.75,30.61,10.0,34.24,1
DOC_0986,26.75,12.48,3,0.0048,30.56,18.39,-1.0,29.44,38.88,12.09,41.2,1
DOC_0987,56.32,49.6,0,0.0664,41.94,22.18,80.27,38.01,25.74,16.83,38.93,1
DOC_0988,64.45,33.33,1,0.1989,68.14,73.33,68.58,47.97,44.14,14.85,90.69,1
DOC_0989,30.75,13.16,1,0.0544,21.93,19.55,-1.0,11.72,43.06,11.44,36.77,1
DOC_0990,87.47,87.09,3,0.1113,76.89,91.67,61.15,63.91,98.58,11.59,40.84,1
DOC_0991,59.91,76.41,1,0.1489,70.73,85.0,-1.0,64.06,59.57,12.52,47.33,1
DOC_0992,78.58,86.38,4,0.4095,88.27,65.16,-1.0,80.88,85.93,29.57,91.25,1
DOC_0993,57.36,79.98,2,0.1767,47.18,35.89,60.63,39.48,39.6,15.89,26.54,1
DOC_0994,43.75,46.74,2,0.1216,72.43,56.55,-1.0,31.01,98.26,26.11,65.87,1
DOC_0995,24.15,35.23,2,0.04,18.65,16.46,74.96,51.9,49.22,19.82,57.06,1
DOC_0996,77.86,72.36,2,0.2583,85.99,76.13,55.43,87.43,79.67,9.61,62.47,1
DOC_0997,68.91,73.75,3,0.2341,83.39,45.56,-1.0,45.03,68.56,33.27,62.51,1
DOC_0998,76.7,50.58,3,0.0936,83.54,75.79,29.23,30.46,11.26,11.34,53.71,1
DOC_0999,30.86,44.15,2,0.0424,45.42,32.94,86.38,20.12,19.97,8.14,45.61,1
DOC_1000,46.35,19.29,0,0.0016,32.2,20.08,-1.0,3.21,10.81,77.69,15.06,1
